date,stock_id,Trading_Volume,Trading_money,open,max,min,close,spread,Trading_turnover
2016-01-04,1817,169070.0,6769488.0,40.5,40.5,39.7,39.85,-0.85,93.0
2016-01-05,1817,192025.0,7557841.0,39.5,39.6,39.0,39.3,-0.55,122.0
2016-01-06,1817,179030.0,7096835.0,39.35,39.95,39.2,39.6,0.3,95.0
2016-01-07,1817,308000.0,11854650.0,39.0,39.15,37.45,38.5,-1.1,206.0
2016-01-08,1817,97100.0,3780960.0,38.0,39.15,38.0,39.1,0.6,75.0
2016-01-11,1817,482000.0,19339750.0,39.9,40.65,39.7,40.0,0.9,300.0
2016-01-12,1817,1259200.0,51974890.0,40.1,41.75,40.1,40.8,0.8,659.0
2016-01-13,1817,718000.0,29618400.0,40.9,41.7,40.5,40.8,0.0,461.0
2016-01-14,1817,524383.0,21173099.0,40.15,40.8,39.8,40.0,-0.8,403.0
2016-01-15,1817,344000.0,13761700.0,41.0,41.0,38.95,39.5,-0.5,230.0
2016-01-18,1817,288050.0,11365760.0,38.5,40.1,38.5,39.9,0.4,178.0
2016-01-19,1817,751000.0,30609900.0,39.9,41.4,39.7,41.3,1.4,409.0
2016-01-20,1817,1350100.0,56389870.0,41.45,42.7,40.6,40.6,-0.7,857.0
2016-01-21,1817,845900.0,34885345.0,41.3,41.95,40.0,41.25,0.65,496.0
2016-01-22,1817,3931152.0,170778320.0,42.0,44.8,41.85,44.8,3.55,2175.0
2016-01-25,1817,3809579.0,176806677.0,46.5,47.75,45.3,45.65,0.85,2291.0
2016-01-26,1817,2153482.0,97828260.0,45.2,46.85,44.3,45.5,-0.15,1456.0
2016-01-27,1817,1435523.0,65442132.0,46.0,46.25,44.6,46.25,0.75,873.0
2016-01-28,1817,1735519.0,79702600.0,46.2,47.25,44.65,44.8,-1.45,1152.0
2016-01-29,1817,978000.0,43325550.0,44.8,45.3,43.6,43.7,-1.1,647.0
2016-01-30,1817,680000.0,29996050.0,44.1,44.65,43.7,43.75,0.05,408.0
2016-02-01,1817,905111.0,40370695.0,43.7,45.35,43.7,44.95,1.2,614.0
2016-02-02,1817,483061.0,21354771.0,45.2,45.2,43.7,43.75,-1.2,353.0
2016-02-03,1817,805100.0,35385865.0,43.5,44.9,42.8,44.15,0.4,498.0
2016-02-15,1817,695010.0,29686427.0,43.0,43.5,42.3,42.4,-1.75,486.0
2016-02-16,1817,525000.0,22272750.0,42.9,42.95,42.1,42.4,0.0,323.0
2016-02-17,1817,453100.0,19039560.0,42.4,42.8,41.25,41.8,-0.6,302.0
2016-02-18,1817,756000.0,32047300.0,42.2,42.75,41.85,42.3,0.5,494.0
2016-02-19,1817,626566.0,26053344.0,41.4,41.9,41.35,41.55,-0.75,394.0
2016-02-22,1817,819800.0,35024658.0,42.0,43.4,42.0,43.4,1.85,612.0
2016-02-23,1817,416221.0,17927297.0,43.8,44.0,42.7,42.8,-0.6,309.0
2016-02-24,1817,547053.0,22961070.0,42.7,43.0,41.55,41.6,-1.2,367.0
2016-02-25,1817,329500.0,13759000.0,41.6,42.1,41.4,42.0,0.4,251.0
2016-02-26,1817,279400.0,11641219.0,42.4,42.4,41.35,41.55,-0.45,212.0
2016-03-01,1817,326080.0,13599939.0,41.6,42.0,41.55,41.75,0.2,199.0
2016-03-02,1817,482240.0,20010417.0,41.75,41.95,41.25,41.55,-0.2,347.0
2016-03-03,1817,810360.0,32754369.0,41.5,41.65,39.9,40.3,-1.25,537.0
2016-03-04,1817,511467.0,20352663.0,39.7,40.4,39.3,40.2,-0.1,322.0
2016-03-07,1817,304105.0,12116400.0,40.3,40.3,39.6,39.95,-0.25,226.0
2016-03-08,1817,284000.0,11426550.0,40.2,40.55,39.8,40.2,0.25,179.0
2016-03-09,1817,1104882.0,46172817.0,40.4,42.3,40.3,42.0,1.8,695.0
2016-03-10,1817,746063.0,30686322.0,41.5,41.5,40.6,41.5,-0.5,479.0
2016-03-11,1817,401619.0,16835121.0,41.5,42.4,41.0,42.0,0.5,262.0
2016-03-14,1817,240001.0,10053344.0,42.0,42.05,41.6,42.0,0.0,140.0
2016-03-15,1817,431010.0,17655610.0,42.0,42.0,40.3,41.0,-1.0,222.0
2016-03-16,1817,176250.0,7142475.0,40.9,40.9,40.2,40.8,-0.2,116.0
2016-03-17,1817,252423.0,10260700.0,40.95,40.95,40.4,40.9,0.1,159.0
2016-03-18,1817,212587.0,8652528.0,40.9,40.9,40.35,40.85,-0.05,90.0
2016-03-21,1817,601100.0,24192589.0,41.0,41.0,39.9,40.3,-0.55,304.0
2016-03-22,1817,212300.0,8521690.0,40.3,40.35,39.7,40.3,0.0,140.0
2016-03-23,1817,256580.0,10275021.0,40.6,40.6,39.95,39.95,-0.35,154.0
2016-03-24,1817,127100.0,5098390.0,39.95,40.3,39.8,40.3,0.35,76.0
2016-03-25,1817,70000.0,2807500.0,40.3,40.35,39.9,40.25,-0.05,49.0
2016-03-28,1817,108492.0,4400226.0,40.25,40.75,40.2,40.5,0.25,92.0
2016-03-29,1817,195000.0,7804800.0,40.5,40.5,39.8,40.0,-0.5,133.0
2016-03-30,1817,142250.0,5738460.0,40.6,40.6,40.0,40.45,0.45,92.0
2016-03-31,1817,132000.0,5313050.0,41.1,41.15,39.95,40.0,-0.45,82.0
2016-04-01,1817,65357.0,2609215.0,40.3,40.3,39.8,40.0,0.0,53.0
2016-04-06,1817,112000.0,4471350.0,40.6,40.6,39.7,39.9,-0.1,65.0
2016-04-07,1817,97000.0,3876700.0,39.75,40.25,39.7,40.1,0.2,60.0
2016-04-08,1817,119000.0,4789950.0,40.0,40.6,39.75,40.5,0.4,83.0
2016-04-11,1817,88200.0,3553600.0,40.8,40.8,40.0,40.25,-0.25,64.0
2016-04-12,1817,144140.0,5761506.0,40.25,40.25,39.8,40.05,-0.2,74.0
2016-04-13,1817,93001.0,3718390.0,40.05,40.05,39.85,39.9,-0.15,60.0
2016-04-14,1817,135000.0,5415000.0,39.9,40.4,39.9,40.2,0.3,92.0
2016-04-15,1817,98265.0,3965956.0,40.2,40.4,40.05,40.25,0.05,41.0
2016-04-18,1817,193432.0,7827322.0,40.25,40.65,40.15,40.5,0.25,100.0
2016-04-19,1817,123001.0,4964590.0,40.5,40.5,40.25,40.3,-0.2,92.0
2016-04-20,1817,126366.0,5054453.0,40.3,40.3,39.8,40.05,-0.25,84.0
2016-04-21,1817,370000.0,14592550.0,39.9,40.05,39.05,39.05,-1.0,240.0
2016-04-22,1817,305591.0,11721293.0,39.0,39.0,38.15,38.25,-0.8,221.0
2016-04-25,1817,220000.0,8323750.0,38.0,38.0,37.75,37.75,-0.5,151.0
2016-04-26,1817,222000.0,8436700.0,37.75,38.5,37.7,38.05,0.3,138.0
2016-04-27,1817,79000.0,3011750.0,38.1,38.4,38.0,38.05,0.0,64.0
2016-04-28,1817,112000.0,4261550.0,38.2,38.3,37.9,38.0,-0.05,64.0
2016-04-29,1817,101280.0,3832518.0,38.3,38.3,37.6,37.9,-0.1,67.0
2016-05-03,1817,52000.0,1971650.0,37.9,38.15,37.75,37.8,-0.1,44.0
2016-05-04,1817,108000.0,4092100.0,37.45,38.15,37.45,37.8,0.0,70.0
2016-05-05,1817,146000.0,5454600.0,37.5,37.7,37.2,37.25,-0.55,115.0
2016-05-06,1817,257000.0,9751650.0,37.3,38.4,37.3,38.25,1.0,84.0
2016-05-09,1817,47000.0,1789050.0,38.25,38.3,38.0,38.05,-0.2,41.0
2016-05-10,1817,55000.0,2076750.0,38.0,38.0,37.5,37.7,-0.35,42.0
2016-05-11,1817,286648.0,10709094.0,37.5,37.6,37.2,37.6,-0.1,117.0
2016-05-12,1817,94010.0,3500423.0,37.5,37.6,37.1,37.3,-0.3,54.0
2016-05-13,1817,298000.0,10747850.0,36.9,37.0,35.3,36.1,-1.2,174.0
2016-05-16,1817,83130.0,2992208.0,36.1,36.1,35.4,36.1,0.0,49.0
2016-05-17,1817,96200.0,3474199.0,36.1,36.3,36.0,36.2,0.1,55.0
2016-05-18,1817,51052.0,1832568.0,35.9,36.15,35.7,36.0,-0.2,39.0
2016-05-19,1817,109500.0,3912550.0,36.2,36.2,35.6,35.6,-0.4,69.0
2016-05-20,1817,75200.0,2683700.0,35.9,35.9,35.55,35.75,0.15,60.0
2016-05-23,1817,101100.0,3652490.0,36.0,36.4,35.9,36.2,0.45,67.0
2016-05-24,1817,160500.0,5974650.0,36.4,38.0,36.4,37.7,1.5,116.0
2016-05-25,1817,240000.0,9166450.0,37.85,38.95,37.2,37.35,-0.35,178.0
2016-05-26,1817,37000.0,1388300.0,37.2,37.8,37.2,37.5,0.15,26.0
2016-05-27,1817,48000.0,1800650.0,38.05,38.05,37.4,37.5,0.0,40.0
2016-05-30,1817,71000.0,2659900.0,37.4,37.8,37.4,37.6,0.1,47.0
2016-05-31,1817,37003.0,1387964.0,37.7,37.7,37.45,37.45,-0.15,33.0
2016-06-01,1817,54000.0,2013400.0,37.5,37.5,37.2,37.25,-0.2,42.0
2016-06-02,1817,105000.0,3894450.0,37.25,37.35,36.85,37.35,0.1,51.0
2016-06-03,1817,133000.0,4886850.0,37.0,37.15,36.5,37.15,-0.2,81.0
2016-06-04,1817,76100.0,2783400.0,36.6,37.0,36.4,36.75,-0.4,54.0
2016-06-06,1817,110100.0,4004700.0,36.75,36.75,36.3,36.4,-0.35,88.0
2016-06-07,1817,142088.0,5143375.0,36.4,36.4,36.1,36.2,-0.2,108.0
2016-06-08,1817,205000.0,7429550.0,37.0,37.0,36.05,36.5,0.3,142.0
2016-06-13,1817,114000.0,4058100.0,35.5,36.4,35.4,35.65,-0.85,98.0
2016-06-14,1817,245400.0,8651369.0,35.65,35.65,35.1,35.25,-0.4,165.0
2016-06-15,1817,226100.0,8014140.0,35.25,36.2,35.0,36.2,0.95,180.0
2016-06-16,1817,188140.0,6754334.0,36.2,36.6,35.4,35.45,-0.75,142.0
2016-06-17,1817,94275.0,3334435.0,35.25,35.7,35.25,35.3,-0.15,72.0
2016-06-20,1817,68000.0,2402850.0,35.35,35.8,35.2,35.6,0.3,68.0
2016-06-21,1817,95000.0,3367900.0,35.3,35.6,35.25,35.5,-0.1,81.0
2016-06-22,1817,97250.0,3441150.0,35.5,35.55,35.3,35.4,-0.1,80.0
2016-06-23,1817,175000.0,6169000.0,35.3,35.3,35.2,35.3,-0.1,137.0
2016-06-24,1817,270056.0,9477982.0,35.4,35.45,35.0,35.25,-0.05,183.0
2016-06-27,1817,143010.0,5001252.0,35.05,35.1,34.85,35.0,-0.25,103.0
2016-06-28,1817,117684.0,4204354.0,34.95,36.5,34.95,36.1,1.1,115.0
2016-06-29,1817,146010.0,5190058.0,35.7,35.8,35.35,35.45,-0.65,105.0
2016-06-30,1817,131000.0,4638550.0,35.5,35.6,35.2,35.25,-0.2,75.0
2016-07-01,1817,87150.0,3082196.0,35.3,35.5,35.3,35.45,0.2,48.0
2016-07-04,1817,81191.0,2887197.0,35.6,35.75,35.4,35.75,0.3,65.0
2016-07-05,1817,90809.0,3268961.0,36.0,36.25,35.85,36.1,0.35,83.0
2016-07-06,1817,88120.0,3180020.0,36.1,36.35,36.0,36.0,-0.1,61.0
2016-07-07,1817,86000.0,3063600.0,36.0,36.0,35.5,35.55,-0.45,78.0
2016-07-11,1817,65000.0,2342350.0,35.8,36.2,35.8,36.1,0.55,53.0
2016-07-12,1817,201000.0,7423450.0,36.3,37.2,36.3,36.9,0.8,128.0
2016-07-13,1817,92200.0,3408060.0,37.05,37.1,36.85,36.95,0.05,64.0
2016-07-14,1817,82300.0,3035445.0,37.0,37.0,36.75,36.8,-0.15,59.0
2016-07-15,1817,141010.0,5195970.0,36.95,37.0,36.7,36.7,-0.1,81.0
2016-07-18,1817,95000.0,3496300.0,37.0,37.0,36.7,36.7,0.0,68.0
2016-07-19,1817,96200.0,3544670.0,36.75,37.25,36.6,36.75,0.05,76.0
2016-07-20,1817,77000.0,2810500.0,37.0,37.0,36.3,36.3,-0.45,66.0
2016-07-21,1817,86000.0,3122100.0,36.65,36.65,36.2,36.4,0.1,68.0
2016-07-22,1817,111000.0,4032150.0,36.4,36.55,36.1,36.2,-0.2,66.0
2016-07-25,1817,670100.0,25187265.0,36.75,38.3,36.75,38.0,1.8,437.0
2016-07-26,1817,313001.0,11916538.0,38.2,38.45,37.55,38.1,0.1,166.0
2016-07-27,1817,151000.0,5720000.0,38.0,38.1,37.8,37.8,-0.3,83.0
2016-07-28,1817,50100.0,1897180.0,37.8,38.0,37.75,37.8,0.0,35.0
2016-07-29,1817,109000.0,4133050.0,38.2,38.2,37.8,38.0,0.2,59.0
2016-08-01,1817,86003.0,3276665.0,38.0,38.25,38.0,38.2,0.2,67.0
2016-08-02,1817,320200.0,12425298.0,38.35,39.3,38.25,38.85,0.65,158.0
2016-08-03,1817,107422.0,4146681.0,38.75,38.8,38.25,38.8,-0.05,75.0
2016-08-04,1817,115040.0,4429355.0,38.8,38.8,38.2,38.7,-0.1,84.0
2016-08-05,1817,142000.0,5486500.0,38.7,39.0,38.4,38.6,-0.1,82.0
2016-08-08,1817,390076.0,14922233.0,38.5,38.5,38.0,38.45,-0.15,197.0
2016-08-09,1817,368001.0,13645137.0,36.75,37.4,36.6,37.35,0.0,207.0
2016-08-10,1817,163000.0,6050350.0,37.15,37.2,37.1,37.1,-0.25,69.0
2016-08-11,1817,153200.0,5607159.0,37.1,37.1,36.1,37.0,-0.1,94.0
2016-08-12,1817,64020.0,2361935.0,37.0,37.1,36.6,37.0,0.0,38.0
2016-08-15,1817,76010.0,2803468.0,37.0,37.0,36.7,37.0,0.0,44.0
2016-08-16,1817,98100.0,3619830.0,37.0,37.0,36.7,36.95,-0.05,26.0
2016-08-17,1817,113544.0,4163750.0,37.0,37.0,36.4,36.95,0.0,66.0
2016-08-18,1817,146000.0,5444800.0,36.45,38.0,36.45,37.75,0.8,69.0
2016-08-19,1817,59547.0,2224196.0,38.0,38.0,37.1,37.4,-0.35,39.0
2016-08-22,1817,145000.0,5329650.0,37.1,37.2,36.55,36.6,-0.8,76.0
2016-08-23,1817,51000.0,1870700.0,36.5,36.9,36.5,36.6,0.0,30.0
2016-08-24,1817,29500.0,1081550.0,36.6,36.75,36.6,36.6,0.0,22.0
2016-08-25,1817,87050.0,3194479.0,36.6,36.85,36.5,36.8,0.2,38.0
2016-08-26,1817,56000.0,2060050.0,36.8,36.85,36.7,36.8,0.0,31.0
2016-08-29,1817,91030.0,3329701.0,36.8,36.8,36.45,36.75,-0.05,59.0
2016-08-30,1817,129002.0,4723073.0,36.75,36.75,36.45,36.75,0.0,83.0
2016-08-31,1817,258498.0,9609925.0,36.9,37.8,36.9,37.4,0.65,124.0
2016-09-01,1817,35000.0,1292700.0,36.8,37.25,36.8,37.25,-0.15,25.0
2016-09-02,1817,57200.0,2112550.0,36.8,37.0,36.75,37.0,-0.25,28.0
2016-09-05,1817,125100.0,4622185.0,37.0,37.1,36.75,37.0,0.0,57.0
2016-09-06,1817,97121.0,3592067.0,37.0,37.25,36.75,37.25,0.25,51.0
2016-09-07,1817,580645.0,22333044.0,37.6,38.8,37.6,38.6,1.35,334.0
2016-09-08,1817,170015.0,6555648.0,38.6,38.9,38.2,38.7,0.1,85.0
2016-09-09,1817,139130.0,5383535.0,38.8,38.85,38.5,38.7,0.0,83.0
2016-09-10,1817,57056.0,2204734.0,38.7,38.7,38.0,38.7,0.0,50.0
2016-09-12,1817,110000.0,4231700.0,38.8,38.8,38.4,38.5,-0.2,51.0
2016-09-13,1817,35000.0,1340700.0,38.5,38.55,38.15,38.45,-0.05,25.0
2016-09-14,1817,68000.0,2590900.0,38.1,38.5,37.85,38.4,-0.05,41.0
2016-09-19,1817,233000.0,9133150.0,38.9,39.9,38.55,39.8,1.4,156.0
2016-09-20,1817,260590.0,10408363.0,39.8,40.2,39.6,39.85,0.05,176.0
2016-09-21,1817,550602.0,22581530.0,40.0,42.0,40.0,40.05,0.2,281.0
2016-09-22,1817,252283.0,10010142.0,40.3,40.4,39.4,39.45,-0.6,150.0
2016-09-23,1817,143000.0,5624800.0,39.45,39.85,38.95,39.3,-0.15,96.0
2016-09-26,1817,88001.0,3436789.0,39.3,39.3,38.85,39.0,-0.3,61.0
2016-09-29,1817,87000.0,3398650.0,39.35,39.35,39.0,39.05,0.05,74.0
2016-09-30,1817,55300.0,2155540.0,39.05,39.05,38.8,39.0,-0.05,40.0
2016-10-03,1817,66186.0,2596478.0,39.15,39.4,39.15,39.4,0.4,43.0
2016-10-04,1817,359000.0,14408350.0,39.6,40.55,39.5,39.85,0.45,218.0
2016-10-05,1817,133000.0,5315250.0,40.0,40.2,39.8,39.8,-0.05,78.0
2016-10-06,1817,158124.0,6338265.0,39.8,40.45,39.5,40.45,0.65,97.0
2016-10-07,1817,552388.0,22543591.0,40.45,41.4,40.15,40.95,0.5,235.0
2016-10-11,1817,730500.0,29115599.0,40.95,41.2,39.25,39.65,-1.3,393.0
2016-10-12,1817,153100.0,6039989.0,39.3,39.9,39.15,39.9,0.25,83.0
2016-10-13,1817,71029.0,2816295.0,40.0,40.05,39.45,39.7,-0.2,49.0
2016-10-14,1817,183000.0,7162400.0,39.3,39.5,39.0,39.0,-0.7,100.0
2016-10-17,1817,121100.0,4684165.0,38.9,39.0,38.5,38.8,-0.2,62.0
2016-10-18,1817,123147.0,4730381.0,38.5,38.5,38.2,38.4,-0.4,60.0
2016-10-19,1817,110076.0,4246056.0,38.2,38.75,38.2,38.5,0.1,56.0
2016-10-20,1817,102000.0,3926200.0,38.7,38.7,38.4,38.5,0.0,71.0
2016-10-21,1817,42000.0,1618050.0,38.5,38.65,38.4,38.4,-0.1,26.0
2016-10-24,1817,174000.0,6638800.0,38.4,38.6,38.0,38.25,-0.15,91.0
2016-10-25,1817,59200.0,2254940.0,38.2,38.35,38.0,38.2,-0.05,37.0
2016-10-26,1817,89200.0,3389730.0,38.15,38.2,37.9,37.9,-0.3,57.0
2016-10-27,1817,68000.0,2572150.0,37.8,38.0,37.75,37.8,-0.1,43.0
2016-10-28,1817,65000.0,2444050.0,37.8,38.0,37.45,38.0,0.2,45.0
2016-10-31,1817,75026.0,2814991.0,37.5,37.95,37.3,37.95,-0.05,47.0
2016-11-01,1817,52000.0,1946650.0,37.9,37.9,37.25,37.45,-0.5,43.0
2016-11-02,1817,163000.0,6008450.0,37.05,37.05,36.75,36.9,-0.55,90.0
2016-11-03,1817,250100.0,9049600.0,36.5,36.7,36.0,36.1,-0.8,190.0
2016-11-04,1817,411079.0,14810165.0,36.1,36.45,35.7,36.0,-0.1,163.0
2016-11-07,1817,429082.0,15474593.0,36.5,36.5,36.0,36.0,0.0,98.0
2016-11-08,1817,98327.0,3551069.0,36.1,36.45,36.0,36.25,0.25,54.0
2016-11-09,1817,473165.0,17028340.0,36.0,36.25,35.75,36.0,-0.25,117.0
2016-11-10,1817,34126.0,1246801.0,36.1,36.8,36.1,36.6,0.6,23.0
2016-11-11,1817,70000.0,2533400.0,36.6,36.6,36.05,36.5,-0.1,39.0
2016-11-14,1817,119010.0,4327238.0,36.3,36.55,36.15,36.5,0.0,60.0
2016-11-15,1817,87000.0,3185500.0,36.5,36.95,36.35,36.4,-0.1,49.0
2016-11-16,1817,113000.0,4110750.0,36.65,36.65,36.2,36.65,0.25,70.0
2016-11-17,1817,59000.0,2147000.0,36.5,36.65,36.2,36.55,-0.1,48.0
2016-11-18,1817,36000.0,1315950.0,36.5,36.65,36.45,36.55,0.0,23.0
2016-11-21,1817,34000.0,1235100.0,36.45,36.5,36.25,36.25,-0.3,23.0
2016-11-22,1817,50000.0,1813050.0,36.2,36.4,36.2,36.3,0.05,36.0
2016-11-23,1817,62000.0,2241850.0,36.2,36.3,36.1,36.3,0.0,40.0
2016-11-24,1817,132000.0,4757100.0,36.2,36.2,35.95,36.1,-0.2,81.0
2016-11-25,1817,82143.0,2958669.0,36.0,36.1,35.95,36.1,0.0,39.0
2016-11-28,1817,51270.0,1859768.0,36.1,36.5,36.1,36.25,0.15,36.0
2016-11-29,1817,60135.0,2179940.0,36.3,36.5,36.1,36.4,0.15,41.0
2016-11-30,1817,82452.0,3011547.0,36.2,36.75,36.2,36.75,0.35,63.0
2016-12-01,1817,48000.0,1764100.0,36.75,36.85,36.7,36.8,0.05,36.0
2016-12-02,1817,271000.0,10246050.0,36.9,38.1,36.9,37.5,0.7,178.0
2016-12-05,1817,67000.0,2527800.0,37.6,37.8,37.6,37.75,0.25,42.0
2016-12-06,1817,69200.0,2617220.0,37.75,38.0,37.6,37.75,0.0,49.0
2016-12-07,1817,43083.0,1615704.0,37.6,37.75,37.4,37.4,-0.35,36.0
2016-12-08,1817,38150.0,1433917.0,37.85,37.85,37.5,37.65,0.25,22.0
2016-12-09,1817,37172.0,1398500.0,37.7,37.7,37.5,37.7,0.05,26.0
2016-12-12,1817,39000.0,1474650.0,37.75,38.0,37.55,37.65,-0.05,28.0
2016-12-13,1817,44000.0,1653300.0,37.55,37.95,37.5,37.95,0.3,29.0
2016-12-14,1817,38133.0,1425610.0,37.95,37.95,37.2,37.7,-0.25,27.0
2016-12-15,1817,10024.0,376558.0,37.6,37.6,37.5,37.5,-0.2,10.0
2016-12-16,1817,58015.0,2159614.0,37.3,37.4,37.1,37.15,-0.35,39.0
2016-12-19,1817,100000.0,3687150.0,37.15,37.15,36.8,36.8,-0.35,35.0
2016-12-20,1817,38120.0,1410080.0,36.8,37.75,36.8,37.75,0.95,28.0
2016-12-21,1817,72408.0,2699549.0,37.75,37.75,37.05,37.5,-0.25,42.0
2016-12-22,1817,51144.0,1891913.0,37.2,37.2,36.8,37.15,-0.35,41.0
2016-12-23,1817,34052.0,1259079.0,36.8,37.05,36.8,37.05,-0.1,24.0
2016-12-26,1817,36000.0,1321000.0,36.8,36.85,36.6,36.7,-0.35,23.0
2016-12-27,1817,6000.0,220200.0,36.7,36.7,36.7,36.7,0.0,4.0
2016-12-28,1817,65000.0,2376450.0,36.65,36.9,36.4,36.9,0.2,45.0
2016-12-29,1817,264000.0,9700100.0,36.9,36.9,36.6,36.9,0.0,38.0
2016-12-30,1817,95600.0,3509558.0,36.9,37.4,36.5,37.4,0.5,49.0
2017-01-03,1817,37000.0,1366650.0,36.7,37.35,36.7,36.9,-0.5,24.0
2017-01-04,1817,67000.0,2468500.0,36.9,36.9,36.75,36.75,-0.15,33.0
2017-01-05,1817,56000.0,2061950.0,36.8,37.0,36.75,36.75,0.0,24.0
2017-01-06,1817,40002.0,1467374.0,36.7,36.75,36.65,36.75,0.0,25.0
2017-01-09,1817,36200.0,1327650.0,36.6,36.7,36.6,36.65,-0.1,19.0
2017-01-10,1817,76000.0,2785500.0,36.8,36.8,36.55,36.8,0.15,33.0
2017-01-11,1817,278000.0,10151550.0,37.0,37.0,36.45,36.55,-0.25,48.0
2017-01-12,1817,107100.0,3910590.0,36.4,36.55,36.4,36.55,0.0,47.0
2017-01-13,1817,21000.0,766950.0,36.5,36.65,36.5,36.65,0.1,10.0
2017-01-16,1817,117000.0,4250750.0,36.4,36.5,36.2,36.45,-0.2,58.0
2017-01-17,1817,42119.0,1534167.0,36.35,36.6,36.35,36.6,0.15,34.0
2017-01-18,1817,24300.0,891639.0,36.7,36.85,36.6,36.85,0.25,26.0
2017-01-19,1817,135030.0,4928252.0,36.85,36.85,36.3,36.7,-0.15,61.0
2017-01-20,1817,42037.0,1536506.0,36.8,36.8,36.5,36.5,-0.2,30.0
2017-01-23,1817,95400.0,3480150.0,36.45,36.6,36.4,36.5,0.0,36.0
2017-01-24,1817,62000.0,2262050.0,36.5,36.5,36.45,36.5,0.0,25.0
2017-02-02,1817,33114.0,1209760.0,36.8,36.8,36.45,36.5,0.0,20.0
2017-02-03,1817,72000.0,2628450.0,36.55,36.6,36.45,36.45,-0.05,36.0
2017-02-06,1817,66000.0,2423200.0,36.45,36.9,36.45,36.8,0.35,40.0
2017-02-07,1817,44020.0,1627443.0,36.8,37.2,36.8,36.8,0.0,35.0
2017-02-08,1817,40050.0,1477957.0,36.8,37.0,36.8,36.8,0.0,27.0
2017-02-09,1817,54500.0,2022700.0,37.0,37.35,37.0,37.0,0.2,35.0
2017-02-10,1817,66081.0,2453966.0,37.05,37.2,37.05,37.2,0.2,35.0
2017-02-13,1817,54015.0,1997800.0,37.1,37.1,36.8,37.05,-0.15,48.0
2017-02-14,1817,68004.0,2510098.0,37.05,37.05,36.8,36.8,-0.25,43.0
2017-02-15,1817,70000.0,2582050.0,36.9,37.0,36.8,36.95,0.15,47.0
2017-02-16,1817,71000.0,2614200.0,36.95,36.95,36.7,36.9,-0.05,38.0
2017-02-17,1817,36025.0,1327422.0,36.9,36.9,36.75,36.75,-0.15,25.0
2017-02-18,1817,37003.0,1364562.0,36.8,37.0,36.8,37.0,0.25,24.0
2017-02-20,1817,55203.0,2042131.0,37.0,37.05,36.9,37.0,0.0,34.0
2017-02-21,1817,59240.0,2202075.0,37.1,37.35,37.05,37.35,0.35,42.0
2017-02-22,1817,121000.0,4553400.0,37.35,38.5,37.35,37.4,0.05,87.0
2017-02-23,1817,78055.0,2897906.0,37.4,37.4,37.05,37.3,-0.1,37.0
2017-02-24,1817,14000.0,522200.0,37.3,37.5,37.2,37.5,0.2,12.0
2017-03-01,1817,52751.0,1962111.0,37.5,37.7,37.05,37.5,0.0,51.0
2017-03-02,1817,39117.0,1460487.0,37.5,37.5,37.1,37.4,-0.1,30.0
2017-03-03,1817,48000.0,1786050.0,37.3,37.4,37.05,37.35,-0.05,30.0
2017-03-06,1817,23000.0,858550.0,37.35,37.4,37.2,37.4,0.05,12.0
2017-03-07,1817,26110.0,972925.0,37.35,37.35,37.2,37.3,-0.1,20.0
2017-03-08,1817,32300.0,1201180.0,37.3,37.3,37.15,37.3,0.0,23.0
2017-03-09,1817,62000.0,2311200.0,37.4,37.4,37.15,37.4,0.1,27.0
2017-03-10,1817,80000.0,2971350.0,37.4,37.4,37.05,37.4,0.0,53.0
2017-03-13,1817,63001.0,2338537.0,37.2,37.4,37.0,37.4,0.0,41.0
2017-03-14,1817,16146.0,600910.0,37.15,37.35,37.15,37.3,-0.1,14.0
2017-03-15,1817,198000.0,7301800.0,37.3,37.3,36.7,37.0,-0.3,80.0
2017-03-16,1817,28001.0,1035387.0,37.0,37.1,36.9,36.95,-0.05,23.0
2017-03-17,1817,98395.0,3645392.0,36.9,37.2,36.9,37.1,0.15,50.0
2017-03-20,1817,134206.0,4949601.0,37.25,37.25,36.75,36.8,-0.3,75.0
2017-03-21,1817,851759.0,32748558.0,37.7,38.9,37.5,38.9,2.1,455.0
2017-03-22,1817,473120.0,18411130.0,38.65,39.5,38.1,38.9,0.0,258.0
2017-03-23,1817,241510.0,9496890.0,39.0,39.9,39.0,39.2,0.3,146.0
2017-03-24,1817,124100.0,4788530.0,39.3,39.3,38.1,38.5,-0.7,85.0
2017-03-27,1817,62099.0,2399800.0,38.5,38.85,38.5,38.7,0.2,48.0
2017-03-28,1817,160254.0,6222606.0,38.8,39.35,38.3,38.5,-0.2,112.0
2017-03-29,1817,13001.0,501091.0,38.5,38.7,38.5,38.55,0.05,11.0
2017-03-30,1817,58001.0,2236741.0,38.5,38.65,38.5,38.65,0.1,33.0
2017-03-31,1817,41763.0,1613757.0,38.8,38.8,38.45,38.8,0.15,32.0
2017-04-05,1817,277000.0,10791350.0,39.0,39.0,38.8,39.0,0.2,113.0
2017-04-06,1817,266450.0,10426461.0,39.0,39.4,39.0,39.25,0.25,105.0
2017-04-07,1817,217000.0,8489400.0,39.0,39.3,39.0,39.05,-0.2,74.0
2017-04-10,1817,206001.0,7985541.0,39.45,39.45,38.4,39.0,-0.05,95.0
2017-04-11,1817,311000.0,11913050.0,39.0,39.0,38.0,38.6,-0.4,234.0
2017-04-12,1817,98000.0,3738600.0,38.6,38.6,38.0,38.15,-0.45,53.0
2017-04-13,1817,70000.0,2680450.0,38.1,38.7,38.1,38.3,0.15,31.0
2017-04-14,1817,84000.0,3192500.0,38.3,38.3,37.8,38.15,-0.15,48.0
2017-04-17,1817,80050.0,3052340.0,38.15,38.2,38.0,38.2,0.05,32.0
2017-04-18,1817,67000.0,2566950.0,38.2,38.5,38.2,38.2,0.0,32.0
2017-04-19,1817,31000.0,1186300.0,38.2,38.4,38.05,38.25,0.05,18.0
2017-04-20,1817,60000.0,2289000.0,38.2,38.3,38.0,38.3,0.05,24.0
2017-04-21,1817,127000.0,4834300.0,38.1,38.15,37.9,37.9,-0.4,58.0
2017-04-24,1817,38000.0,1434650.0,37.9,37.9,37.6,37.85,-0.05,29.0
2017-04-25,1817,13000.0,493050.0,38.0,38.0,37.85,37.9,0.05,10.0
2017-04-26,1817,42200.0,1599410.0,37.85,38.0,37.8,38.0,0.1,36.0
2017-04-27,1817,32000.0,1214550.0,37.95,38.0,37.9,37.95,-0.05,24.0
2017-04-28,1817,32100.0,1219060.0,37.95,38.0,37.95,38.0,0.05,26.0
2017-05-02,1817,331000.0,12722450.0,38.05,39.0,38.0,38.0,0.0,151.0
2017-05-03,1817,155630.0,5939490.0,38.0,38.4,37.8,37.9,-0.1,108.0
2017-05-04,1817,299150.0,11350453.0,38.0,38.1,37.7,37.8,-0.1,168.0
2017-05-05,1817,196016.0,7439301.0,38.0,38.05,37.9,38.0,0.2,147.0
2017-05-08,1817,206000.0,7816950.0,38.05,38.1,37.8,37.8,-0.2,155.0
2017-05-09,1817,210000.0,7967100.0,37.8,38.2,37.75,38.0,0.2,135.0
2017-05-10,1817,113000.0,4289300.0,37.9,38.1,37.85,37.95,-0.05,73.0
2017-05-11,1817,100000.0,3799500.0,38.0,38.05,37.9,38.0,0.05,52.0
2017-05-12,1817,74017.0,2809898.0,38.0,38.05,37.85,38.0,0.0,46.0
2017-05-15,1817,63000.0,2388300.0,38.0,38.0,37.65,37.9,-0.1,32.0
2017-05-16,1817,76000.0,2875850.0,38.0,38.0,37.7,37.7,-0.2,55.0
2017-05-17,1817,90000.0,3394500.0,37.7,37.8,37.65,37.8,0.1,47.0
2017-05-18,1817,113370.0,4256186.0,37.3,37.75,37.3,37.75,-0.05,88.0
2017-05-19,1817,45000.0,1699200.0,37.75,38.0,37.55,37.9,0.15,33.0
2017-05-22,1817,18000.0,682250.0,38.05,38.05,37.75,37.95,0.05,16.0
2017-05-23,1817,66000.0,2506000.0,38.0,38.0,37.95,37.95,0.0,49.0
2017-05-24,1817,182000.0,6930200.0,37.95,38.4,37.95,38.0,0.05,114.0
2017-05-25,1817,125079.0,4762145.0,38.0,38.15,38.0,38.1,0.1,73.0
2017-05-26,1817,102000.0,3877800.0,38.0,38.15,37.95,38.0,-0.1,67.0
2017-05-31,1817,173130.0,6560659.0,38.0,38.05,37.7,37.95,-0.05,92.0
2017-06-01,1817,75070.0,2846460.0,37.8,38.0,37.8,37.95,0.0,61.0
2017-06-02,1817,75430.0,2863240.0,38.0,38.0,37.95,37.95,0.0,65.0
2017-06-03,1817,113151.0,4294138.0,38.0,38.0,37.9,37.9,-0.05,53.0
2017-06-05,1817,96771.0,3672148.0,38.0,38.05,37.85,37.95,0.05,72.0
2017-06-06,1817,131000.0,4986650.0,38.0,38.45,37.95,37.95,0.0,99.0
2017-06-07,1817,145260.0,5535805.0,38.0,38.3,38.0,38.2,0.25,96.0
2017-06-08,1817,481041.0,18247512.0,38.2,38.4,38.0,38.15,-0.05,67.0
2017-06-09,1817,59001.0,2254440.0,38.15,38.3,38.1,38.25,0.1,37.0
2017-06-12,1817,280445.0,10931965.0,38.4,39.2,38.3,39.05,0.8,213.0
2017-06-13,1817,268019.0,10571296.0,39.35,39.85,39.25,39.3,0.25,187.0
2017-06-14,1817,143000.0,5562200.0,39.4,39.4,38.65,38.7,-0.6,90.0
2017-06-15,1817,88794.0,3435826.0,38.7,38.9,38.6,38.75,0.05,61.0
2017-06-16,1817,74000.0,2868900.0,39.1,39.1,38.7,38.8,0.05,58.0
2017-06-19,1817,143010.0,5571088.0,38.95,39.15,38.8,39.05,0.25,100.0
2017-06-20,1817,125000.0,4867000.0,39.05,39.1,38.7,38.8,-0.25,85.0
2017-06-21,1817,123210.0,4816909.0,39.35,39.35,38.8,39.1,0.3,83.0
2017-06-22,1817,236109.0,9315560.0,39.4,39.6,39.25,39.6,0.5,163.0
2017-06-23,1817,124000.0,4895200.0,39.75,39.8,39.35,39.35,-0.25,76.0
2017-06-26,1817,132256.0,5169209.0,39.05,39.3,39.0,39.2,-0.15,111.0
2017-06-27,1817,111074.0,4352961.0,39.2,39.3,39.05,39.3,0.1,41.0
2017-06-28,1817,193200.0,7519960.0,39.3,39.3,38.75,38.95,-0.35,115.0
2017-06-29,1817,75010.0,2919495.0,38.85,39.05,38.85,39.05,0.1,39.0
2017-06-30,1817,67000.0,2612250.0,39.05,39.05,38.9,39.05,0.0,35.0
2017-07-03,1817,540000.0,20550250.0,39.05,39.15,38.9,39.1,0.05,71.0
2017-07-04,1817,158500.0,6226300.0,39.1,39.35,39.1,39.35,0.25,70.0
2017-07-05,1817,104476.0,4107309.0,39.35,39.4,39.25,39.4,0.05,56.0
2017-07-06,1817,98326.0,3869250.0,39.4,39.4,39.3,39.35,-0.05,53.0
2017-07-07,1817,72000.0,2828450.0,39.35,39.35,39.1,39.1,-0.25,40.0
2017-07-10,1817,70000.0,2733200.0,39.1,39.3,38.8,39.0,-0.1,35.0
2017-07-11,1817,112000.0,4334000.0,38.8,39.0,38.55,39.0,0.0,83.0
2017-07-12,1817,48000.0,1863750.0,39.0,39.0,38.6,39.0,0.0,36.0
2017-07-13,1817,122000.0,4722800.0,38.65,39.0,38.6,39.0,0.0,80.0
2017-07-14,1817,74370.0,2876868.0,38.7,38.8,38.6,38.6,-0.4,42.0
2017-07-17,1817,138079.0,5316057.0,38.6,38.6,38.45,38.6,0.0,118.0
2017-07-18,1817,97100.0,3738390.0,38.65,38.65,38.4,38.5,-0.1,80.0
2017-07-19,1817,61400.0,2365250.0,38.55,38.55,38.5,38.5,0.0,42.0
2017-07-20,1817,38000.0,1466700.0,38.6,38.75,38.5,38.75,0.25,24.0
2017-07-21,1817,29000.0,1124550.0,38.9,38.9,38.75,38.75,0.0,21.0
2017-07-24,1817,37051.0,1438081.0,38.75,38.95,38.75,38.8,0.05,27.0
2017-07-25,1817,38100.0,1479843.0,38.8,38.95,38.8,38.95,0.15,30.0
2017-07-26,1817,59000.0,2294100.0,38.95,39.0,38.7,38.75,-0.2,49.0
2017-07-27,1817,74000.0,2867500.0,38.8,38.85,38.7,38.8,0.05,36.0
2017-07-28,1817,69174.0,2686190.0,38.85,38.9,38.8,38.9,0.1,39.0
2017-07-31,1817,70174.0,2726817.0,38.9,38.9,38.8,38.85,-0.05,59.0
2017-08-01,1817,96000.0,3740350.0,38.95,39.05,38.9,39.05,0.2,45.0
2017-08-02,1817,55001.0,2150991.0,39.05,39.15,39.05,39.15,0.1,38.0
2017-08-03,1817,173050.0,6801247.0,39.05,39.45,39.05,39.35,0.2,78.0
2017-08-04,1817,173343.0,6812138.0,39.35,39.45,39.1,39.3,-0.05,73.0
2017-08-07,1817,155136.0,6068512.0,39.4,39.4,39.0,39.3,0.0,106.0
2017-08-08,1817,304778.0,11951971.0,39.3,39.4,39.05,39.35,0.05,169.0
2017-08-09,1817,283510.0,10672726.0,37.5,37.85,37.5,37.7,0.0,207.0
2017-08-10,1817,161190.0,6030341.0,37.85,37.85,37.15,37.5,-0.2,98.0
2017-08-11,1817,78150.0,2915520.0,37.3,37.45,37.25,37.45,-0.05,47.0
2017-08-14,1817,73216.0,2725845.0,37.45,37.45,37.05,37.25,-0.2,55.0
2017-08-15,1817,89300.0,3370105.0,37.25,37.9,37.25,37.8,0.55,50.0
2017-08-16,1817,120300.0,4592524.0,37.8,38.3,37.8,38.2,0.4,79.0
2017-08-17,1817,129000.0,4938850.0,38.4,38.5,38.1,38.5,0.3,66.0
2017-08-18,1817,723000.0,28353700.0,39.05,41.0,38.6,39.25,0.75,297.0
2017-08-21,1817,123193.0,4852781.0,39.9,39.9,39.25,39.45,0.2,78.0
2017-08-22,1817,292350.0,11616664.0,39.5,39.9,39.45,39.9,0.45,235.0
2017-08-23,1817,775406.0,31410833.0,40.0,41.05,39.95,40.9,1.0,387.0
2017-08-24,1817,364300.0,14856795.0,41.0,41.2,40.4,40.55,-0.35,201.0
2017-08-25,1817,213050.0,8638584.0,40.55,40.75,40.25,40.5,-0.05,154.0
2017-08-28,1817,286008.0,11582376.0,40.55,41.0,40.0,40.75,0.25,132.0
2017-08-29,1817,196000.0,7857550.0,40.8,40.8,39.9,40.5,-0.25,124.0
2017-08-30,1817,137000.0,5496350.0,40.5,40.5,39.95,40.2,-0.3,114.0
2017-08-31,1817,169000.0,6785850.0,40.1,40.25,39.95,40.1,-0.1,124.0
2017-09-01,1817,869237.0,36008004.0,40.1,42.8,39.85,41.8,1.7,385.0
2017-09-04,1817,339126.0,13902728.0,41.65,41.65,40.6,41.35,-0.45,214.0
2017-09-05,1817,171500.0,7027400.0,41.45,41.45,40.65,41.0,-0.35,105.0
2017-09-06,1817,135042.0,5473049.0,40.8,40.8,40.15,40.7,-0.3,112.0
2017-09-07,1817,263000.0,10805300.0,41.0,41.4,40.3,41.0,0.3,149.0
2017-09-08,1817,82000.0,3346250.0,41.0,41.0,40.7,40.9,-0.1,44.0
2017-09-11,1817,90199.0,3673337.0,40.9,41.0,40.5,40.9,0.0,68.0
2017-09-12,1817,232000.0,9479250.0,41.0,41.15,40.7,40.95,0.05,115.0
2017-09-13,1817,118300.0,4815149.0,40.95,40.95,40.5,40.75,-0.2,64.0
2017-09-14,1817,154108.0,6253578.0,40.6,40.75,40.5,40.75,0.0,77.0
2017-09-15,1817,372120.0,15426894.0,41.5,42.0,41.0,41.0,0.25,244.0
2017-09-18,1817,175228.0,7116029.0,40.9,40.9,40.4,40.9,-0.1,119.0
2017-09-19,1817,210013.0,8496325.0,41.0,41.2,40.15,40.45,-0.45,116.0
2017-09-20,1817,251000.0,10191200.0,40.45,41.0,40.2,40.7,0.25,96.0
2017-09-21,1817,156000.0,6306200.0,40.8,40.8,40.25,40.35,-0.35,88.0
2017-09-22,1817,347000.0,13821550.0,40.3,40.45,39.4,39.95,-0.4,164.0
2017-09-25,1817,208090.0,8199695.0,39.5,39.95,39.1,39.95,0.0,126.0
2017-09-26,1817,101200.0,4018180.0,39.75,39.9,39.5,39.85,-0.1,47.0
2017-09-27,1817,149000.0,5955050.0,39.8,40.2,39.55,39.95,0.1,60.0
2017-09-28,1817,238000.0,9625000.0,40.45,41.45,39.85,40.0,0.05,104.0
2017-09-29,1817,86000.0,3434250.0,40.1,40.1,39.8,39.85,-0.15,37.0
2017-09-30,1817,23000.0,917400.0,39.9,39.95,39.85,39.85,0.0,13.0
2017-10-02,1817,20000.0,799450.0,39.9,40.2,39.9,40.0,0.15,13.0
2017-10-03,1817,151000.0,6097100.0,39.9,40.9,39.9,40.4,0.4,60.0
2017-10-05,1817,51100.0,2056725.0,40.85,40.85,40.1,40.15,-0.25,37.0
2017-10-06,1817,59449.0,2378918.0,40.1,40.1,39.95,40.0,-0.15,53.0
2017-10-11,1817,117399.0,4731309.0,40.6,41.0,39.9,40.0,0.0,63.0
2017-10-12,1817,151025.0,6049620.0,40.8,40.8,39.8,40.1,0.1,74.0
2017-10-13,1817,69240.0,2756587.0,40.0,40.0,39.6,39.85,-0.25,40.0
2017-10-16,1817,147150.0,5880559.0,40.0,40.0,39.9,40.0,0.15,65.0
2017-10-17,1817,50053.0,2002373.0,40.0,40.15,39.9,40.1,0.1,30.0
2017-10-18,1817,107100.0,4296720.0,40.1,40.7,39.85,40.25,0.15,71.0
2017-10-19,1817,150400.0,6018540.0,40.2,40.35,39.8,40.2,-0.05,97.0
2017-10-20,1817,218000.0,8659650.0,40.0,40.0,39.45,39.85,-0.35,108.0
2017-10-23,1817,533250.0,21056650.0,39.85,40.2,39.1,39.6,-0.25,181.0
2017-10-24,1817,444500.0,17344948.0,39.6,39.6,38.7,39.2,-0.4,239.0
2017-10-25,1817,120088.0,4720920.0,39.2,39.6,39.15,39.6,0.4,65.0
2017-10-26,1817,207000.0,8183550.0,39.5,39.7,39.3,39.6,0.0,64.0
2017-10-27,1817,243000.0,9721700.0,39.6,40.2,39.6,40.0,0.4,146.0
2017-10-30,1817,152125.0,6068150.0,40.45,40.45,39.65,39.9,-0.1,88.0
2017-10-31,1817,74290.0,2947821.0,39.8,39.9,39.5,39.9,0.0,49.0
2017-11-01,1817,72125.0,2883056.0,39.9,40.05,39.9,40.05,0.15,58.0
2017-11-02,1817,127000.0,5090500.0,40.05,40.2,39.95,40.05,0.0,82.0
2017-11-03,1817,158328.0,6336601.0,40.05,40.25,39.75,40.15,0.1,95.0
2017-11-06,1817,249074.0,10009885.0,40.15,40.45,40.05,40.3,0.15,157.0
2017-11-07,1817,449074.0,18393128.0,40.4,41.25,40.4,40.95,0.65,255.0
2017-11-08,1817,263000.0,10793450.0,41.05,41.15,40.95,41.1,0.15,137.0
2017-11-09,1817,104000.0,4255150.0,41.15,41.15,40.75,40.85,-0.25,67.0
2017-11-10,1817,62000.0,2538200.0,41.0,41.15,40.8,41.0,0.15,46.0
2017-11-13,1817,118000.0,4806550.0,41.0,41.0,40.55,40.85,-0.15,96.0
2017-11-14,1817,201000.0,8209650.0,40.85,41.0,40.65,40.85,0.0,90.0
2017-11-15,1817,297080.0,12207370.0,40.85,41.4,40.85,41.0,0.15,191.0
2017-11-16,1817,298000.0,12355400.0,41.3,41.75,41.2,41.65,0.65,173.0
2017-11-17,1817,203100.0,8474800.0,41.7,41.85,41.5,41.7,0.05,160.0
2017-11-20,1817,695200.0,29451480.0,41.8,43.0,41.8,42.15,0.45,365.0
2017-11-21,1817,295006.0,12479206.0,42.15,42.9,41.95,42.4,0.25,190.0
2017-11-22,1817,1195100.0,51804900.0,42.5,45.0,41.8,42.0,-0.4,642.0
2017-11-23,1817,549127.0,22882634.0,42.2,42.25,41.35,41.5,-0.5,320.0
2017-11-24,1817,229621.0,9603289.0,41.85,42.3,41.65,41.85,0.35,143.0
2017-11-27,1817,624786.0,26695048.0,41.9,43.5,41.9,43.0,1.15,297.0
2017-11-28,1817,478143.0,20659891.0,43.0,43.7,42.85,43.2,0.2,259.0
2017-11-29,1817,446000.0,19412850.0,43.8,43.9,43.3,43.4,0.2,215.0
2017-11-30,1817,431380.0,18647240.0,43.5,43.8,42.5,42.8,-0.6,252.0
2017-12-01,1817,473000.0,19728750.0,42.8,42.8,40.7,42.0,-0.8,265.0
2017-12-04,1817,339190.0,14263649.0,42.0,42.4,41.8,42.0,0.0,181.0
2017-12-05,1817,333400.0,14189428.0,42.05,42.95,42.05,42.95,0.95,224.0
2017-12-06,1817,1961098.0,87689266.0,43.5,46.4,43.0,44.0,1.05,1179.0
2017-12-07,1817,682100.0,30336090.0,44.0,45.3,43.7,44.0,0.0,399.0
2017-12-08,1817,396170.0,17764234.0,44.3,45.25,44.0,45.0,1.0,245.0
2017-12-11,1817,660607.0,30318002.0,45.5,46.4,45.1,46.25,1.25,460.0
2017-12-12,1817,635000.0,28828350.0,46.25,46.25,45.0,45.2,-1.05,469.0
2017-12-13,1817,438023.0,20217268.0,45.95,46.7,45.5,45.9,0.7,257.0
2017-12-14,1817,471100.0,21302190.0,46.5,46.5,45.0,45.25,-0.65,258.0
2017-12-15,1817,197000.0,8952100.0,45.8,45.8,45.25,45.45,0.2,103.0
2017-12-18,1817,139301.0,6339824.0,46.2,46.2,45.25,45.5,0.05,94.0
2017-12-19,1817,437000.0,20159450.0,45.6,46.55,45.6,45.6,0.1,241.0
2017-12-20,1817,218124.0,9864217.0,45.7,45.8,45.0,45.2,-0.4,150.0
2017-12-21,1817,164000.0,7403650.0,45.25,45.5,45.0,45.1,-0.1,115.0
2017-12-22,1817,279313.0,12556067.0,45.1,45.3,44.65,44.95,-0.15,139.0
2017-12-25,1817,193500.0,8697223.0,45.05,45.1,44.8,45.0,0.05,130.0
2017-12-26,1817,322045.0,14658075.0,45.0,45.8,45.0,45.6,0.6,184.0
2017-12-27,1817,233100.0,10471655.0,45.4,45.4,44.65,45.0,-0.6,182.0
2017-12-28,1817,195110.0,8768833.0,44.9,45.1,44.75,45.1,0.1,125.0
2017-12-29,1817,152190.0,6864668.0,45.6,45.6,44.9,45.0,-0.1,106.0
2018-01-02,1817,146070.0,6566450.0,45.0,45.0,44.8,45.0,0.0,111.0
2018-01-03,1817,176003.0,7921085.0,45.0,45.25,44.85,45.2,0.2,87.0
2018-01-04,1817,119200.0,5398610.0,45.4,45.6,45.0,45.2,0.0,87.0
2018-01-05,1817,582117.0,26934754.0,45.25,47.9,45.15,46.4,1.2,310.0
2018-01-08,1817,299004.0,13929484.0,46.55,47.1,46.0,46.3,-0.1,193.0
2018-01-09,1817,211549.0,9631632.0,46.3,46.3,45.05,45.8,-0.5,149.0
2018-01-10,1817,178000.0,8014500.0,45.5,45.5,44.8,44.8,-1.0,135.0
2018-01-11,1817,280304.0,12256076.0,44.2,44.25,43.15,44.0,-0.8,182.0
2018-01-12,1817,146917.0,6405530.0,44.0,44.0,43.45,43.6,-0.4,95.0
2018-01-15,1817,168426.0,7322872.0,43.6,43.6,43.3,43.6,0.0,89.0
2018-01-16,1817,83045.0,3643045.0,43.65,44.1,43.65,43.8,0.2,71.0
2018-01-17,1817,97000.0,4266650.0,43.85,44.65,43.6,44.6,0.8,79.0
2018-01-18,1817,113000.0,4992200.0,44.8,44.8,44.05,44.2,-0.4,79.0
2018-01-19,1817,71001.0,3133394.0,44.2,44.25,44.0,44.05,-0.15,54.0
2018-01-22,1817,157100.0,6858279.0,44.0,44.0,43.5,43.7,-0.35,102.0
2018-01-23,1817,114000.0,4951700.0,43.7,43.7,43.2,43.6,-0.1,72.0
2018-01-24,1817,103000.0,4468400.0,43.3,43.6,43.2,43.6,0.0,75.0
2018-01-25,1817,124545.0,5389247.0,43.65,43.65,43.15,43.15,-0.45,89.0
2018-01-26,1817,101901.0,4389952.0,43.5,43.5,43.0,43.1,-0.05,95.0
2018-01-29,1817,192115.0,8216432.0,43.35,43.35,42.6,42.8,-0.3,165.0
2018-01-30,1817,278120.0,11735861.0,42.5,42.6,42.0,42.3,-0.5,139.0
2018-01-31,1817,125000.0,5326100.0,42.1,43.25,42.1,43.2,0.9,78.0
2018-02-01,1817,81000.0,3514850.0,43.05,43.55,42.9,43.4,0.2,66.0
2018-02-02,1817,55000.0,2386200.0,43.1,43.5,43.1,43.4,0.0,30.0
2018-02-05,1817,95000.0,4078750.0,42.7,43.2,42.65,43.2,-0.2,55.0
2018-02-06,1817,309268.0,13053402.0,42.2,42.95,41.65,41.65,-1.55,165.0
2018-02-07,1817,107221.0,4500582.0,41.9,42.8,41.7,41.95,0.3,70.0
2018-02-08,1817,111100.0,4638260.0,42.6,42.6,41.55,41.6,-0.35,58.0
2018-02-09,1817,120150.0,4946632.0,41.0,41.55,40.85,41.5,-0.1,68.0
2018-02-12,1817,101060.0,4250089.0,42.0,42.65,41.7,41.9,0.4,72.0
2018-02-21,1817,148280.0,6314790.0,42.1,42.8,42.1,42.6,0.7,84.0
2018-02-22,1817,95000.0,4024250.0,42.4,42.55,42.0,42.4,-0.2,59.0
2018-02-23,1817,147060.0,6215450.0,42.4,42.4,42.1,42.25,-0.15,112.0
2018-02-26,1817,100300.0,4283720.0,42.65,42.95,42.55,42.7,0.45,91.0
2018-02-27,1817,79325.0,3406689.0,42.8,43.0,42.8,42.8,0.1,70.0
2018-03-01,1817,116000.0,4961000.0,42.8,42.8,42.6,42.7,-0.1,82.0
2018-03-02,1817,125000.0,5349350.0,42.7,43.1,42.0,42.75,0.05,98.0
2018-03-05,1817,214000.0,9148650.0,43.0,43.0,42.1,42.65,-0.1,100.0
2018-03-06,1817,140000.0,6065650.0,43.0,43.8,42.85,42.85,0.2,115.0
2018-03-07,1817,84000.0,3580650.0,42.85,43.0,42.4,42.9,0.05,69.0
2018-03-08,1817,128000.0,5475150.0,42.9,43.35,42.6,42.6,-0.3,82.0
2018-03-09,1817,104000.0,4426000.0,42.6,42.7,42.4,42.6,0.0,93.0
2018-03-12,1817,291120.0,12290124.0,42.7,42.8,41.75,42.3,-0.3,172.0
2018-03-13,1817,162000.0,6854250.0,42.0,42.75,42.0,42.4,0.1,119.0
2018-03-14,1817,55000.0,2334700.0,42.95,42.95,42.4,42.45,0.05,43.0
2018-03-15,1817,83000.0,3538050.0,42.75,42.75,42.55,42.6,0.15,65.0
2018-03-16,1817,84000.0,3588150.0,42.5,42.8,42.5,42.8,0.2,75.0
2018-03-19,1817,317003.0,13532829.0,42.9,42.9,42.4,42.8,0.0,214.0
2018-03-20,1817,69000.0,2952250.0,43.0,43.0,42.6,42.8,0.0,54.0
2018-03-21,1817,77000.0,3285400.0,42.8,42.8,42.3,42.7,-0.1,63.0
2018-03-22,1817,124001.0,5334195.0,42.95,43.25,42.75,43.0,0.3,70.0
2018-03-23,1817,100067.0,4268181.0,42.8,42.8,42.3,42.7,-0.3,89.0
2018-03-26,1817,146053.0,6238018.0,42.5,43.2,42.4,42.45,-0.25,107.0
2018-03-27,1817,51000.0,2181350.0,42.7,42.9,42.6,42.8,0.35,42.0
2018-03-28,1817,90000.0,3817200.0,42.8,42.8,42.2,42.45,-0.35,65.0
2018-03-29,1817,102000.0,4310150.0,42.25,42.55,42.15,42.25,-0.2,67.0
2018-03-30,1817,155000.0,6562550.0,42.25,42.45,42.2,42.3,0.05,73.0
2018-03-31,1817,69120.0,2942820.0,42.3,42.65,42.25,42.55,0.25,51.0
2018-04-02,1817,64000.0,2732550.0,42.65,42.8,42.6,42.7,0.15,51.0
2018-04-03,1817,65000.0,2775800.0,42.75,42.85,42.5,42.75,0.05,50.0
2018-04-09,1817,102107.0,4364004.0,42.75,42.85,42.7,42.7,-0.05,62.0
2018-04-10,1817,91553.0,3882517.0,42.7,42.7,42.2,42.3,-0.4,80.0
2018-04-11,1817,345676.0,14466202.0,42.25,42.25,41.65,41.8,-0.5,208.0
2018-04-12,1817,120000.0,5005800.0,41.7,42.0,41.35,41.8,0.0,85.0
2018-04-13,1817,140000.0,5893850.0,41.8,42.8,41.8,42.0,0.2,68.0
2018-04-16,1817,87000.0,3642300.0,42.0,42.0,41.65,41.65,-0.35,60.0
2018-04-17,1817,122000.0,5083300.0,41.6,42.15,41.35,41.8,0.15,84.0
2018-04-18,1817,27286.0,1140805.0,41.95,41.95,41.6,41.85,0.05,17.0
2018-04-19,1817,30000.0,1258200.0,41.9,42.1,41.85,42.1,0.25,22.0
2018-04-20,1817,63000.0,2635050.0,42.0,42.0,41.7,41.9,-0.2,41.0
2018-04-23,1817,83000.0,3452100.0,42.0,42.05,41.5,41.5,-0.4,58.0
2018-04-24,1817,119000.0,4895100.0,41.5,41.5,41.0,41.05,-0.45,61.0
2018-04-25,1817,308000.0,12799550.0,41.0,42.6,40.6,42.15,1.1,107.0
2018-04-26,1817,81000.0,3409550.0,42.15,42.55,41.2,41.9,-0.25,43.0
2018-04-27,1817,17000.0,709150.0,42.0,42.0,41.65,41.85,-0.05,11.0
2018-04-30,1817,34000.0,1410900.0,41.5,41.55,41.45,41.45,-0.4,24.0
2018-05-02,1817,98355.0,4048232.0,41.45,41.45,40.65,41.15,-0.3,70.0
2018-05-03,1817,157000.0,6413850.0,41.1,41.1,40.75,40.75,-0.4,61.0
2018-05-04,1817,222000.0,9107100.0,40.75,41.9,40.7,40.75,0.0,81.0
2018-05-07,1817,48000.0,1967350.0,40.75,41.5,40.75,41.0,0.25,35.0
2018-05-08,1817,127072.0,5200512.0,40.9,41.2,40.7,41.0,0.0,50.0
2018-05-09,1817,41500.0,1696100.0,40.8,41.2,40.7,41.0,0.0,28.0
2018-05-10,1817,60000.0,2452550.0,40.85,40.95,40.85,40.85,-0.15,25.0
2018-05-11,1817,114120.0,4686399.0,40.85,41.65,40.85,41.0,0.15,55.0
2018-05-14,1817,61309.0,2555669.0,41.3,41.95,41.3,41.6,0.6,50.0
2018-05-15,1817,87100.0,3592400.0,41.5,41.5,41.05,41.05,-0.55,78.0
2018-05-16,1817,28245.0,1163201.0,41.1,41.2,41.1,41.1,0.05,25.0
2018-05-17,1817,68000.0,2805450.0,41.1,41.6,41.1,41.2,0.1,45.0
2018-05-18,1817,81000.0,3345100.0,41.3,41.5,41.1,41.25,0.05,59.0
2018-05-21,1817,50000.0,2068600.0,41.25,41.55,41.25,41.55,0.3,33.0
2018-05-22,1817,62100.0,2568755.0,41.75,41.9,41.05,41.15,-0.4,59.0
2018-05-23,1817,26000.0,1072700.0,41.15,41.3,41.15,41.25,0.1,26.0
2018-05-24,1817,335000.0,13703050.0,41.25,41.3,40.75,41.0,-0.25,181.0
2018-05-25,1817,36000.0,1474650.0,40.9,41.0,40.85,41.0,0.0,27.0
2018-05-28,1817,131000.0,5376900.0,41.1,41.1,41.0,41.0,0.0,57.0
2018-05-29,1817,20000.0,820100.0,41.35,41.35,40.9,40.9,-0.1,18.0
2018-05-30,1817,73027.0,2988367.0,40.9,41.05,40.8,40.9,0.0,42.0
2018-05-31,1817,105000.0,4300200.0,41.0,41.1,40.85,40.85,-0.05,53.0
2018-06-01,1817,47023.0,1933690.0,40.9,41.2,40.9,41.05,0.2,30.0
2018-06-04,1817,92000.0,3780200.0,41.25,41.25,40.95,41.05,0.0,68.0
2018-06-05,1817,91275.0,3740612.0,41.1,41.25,40.9,41.0,-0.05,58.0
2018-06-06,1817,207000.0,8465400.0,41.3,41.3,40.8,40.95,-0.05,88.0
2018-06-07,1817,55100.0,2256545.0,41.25,41.25,40.85,40.95,0.0,36.0
2018-06-08,1817,78044.0,3186872.0,40.9,41.0,40.75,40.85,-0.1,46.0
2018-06-11,1817,47100.0,1928730.0,41.05,41.1,40.85,40.9,0.05,25.0
2018-06-12,1817,391100.0,15806050.0,40.8,40.8,40.1,40.6,-0.3,183.0
2018-06-13,1817,171000.0,6887050.0,40.6,40.6,40.15,40.4,-0.2,83.0
2018-06-14,1817,369098.0,14774763.0,40.05,40.2,40.0,40.0,-0.4,143.0
2018-06-15,1817,125300.0,5006479.0,40.0,40.1,39.8,40.1,0.1,74.0
2018-06-19,1817,44000.0,1762250.0,40.1,40.2,40.0,40.1,0.0,32.0
2018-06-20,1817,51000.0,2037950.0,40.0,40.1,39.8,40.1,0.0,38.0
2018-06-21,1817,19689.0,791477.0,40.0,40.3,40.0,40.3,0.2,18.0
2018-06-22,1817,24000.0,967100.0,40.4,40.4,40.1,40.4,0.1,22.0
2018-06-25,1817,17028.0,687700.0,40.75,40.75,40.25,40.7,0.3,16.0
2018-06-26,1817,234000.0,9441200.0,40.35,40.5,40.25,40.4,-0.3,17.0
2018-06-27,1817,31166.0,1255956.0,40.4,40.5,40.25,40.5,0.1,13.0
2018-06-28,1817,37000.0,1497300.0,40.4,40.7,40.35,40.6,0.1,25.0
2018-06-29,1817,23000.0,931150.0,40.6,40.6,40.35,40.55,-0.05,18.0
2018-07-02,1817,59000.0,2385650.0,40.55,40.7,40.3,40.4,-0.15,37.0
2018-07-03,1817,31000.0,1247650.0,40.4,40.4,40.05,40.4,0.0,20.0
2018-07-04,1817,143000.0,5730550.0,40.45,40.45,40.0,40.45,0.05,118.0
2018-07-05,1817,135001.0,5403092.0,40.0,40.5,40.0,40.0,-0.45,82.0
2018-07-06,1817,20100.0,804200.0,40.0,40.1,40.0,40.0,0.0,14.0
2018-07-09,1817,72001.0,2848740.0,39.6,39.75,39.1,39.65,-0.35,52.0
2018-07-10,1817,61000.0,2415150.0,39.9,39.9,39.5,39.7,0.05,32.0
2018-07-11,1817,11000.0,438200.0,39.7,39.95,39.7,39.95,0.25,10.0
2018-07-12,1817,21000.0,842150.0,40.0,40.2,40.0,40.2,0.25,16.0
2018-07-13,1817,67001.0,2701490.0,40.3,40.35,40.25,40.35,0.15,39.0
2018-07-16,1817,78140.0,3157370.0,40.25,40.5,40.25,40.35,0.0,25.0
2018-07-17,1817,64000.0,2590150.0,40.35,40.6,40.35,40.6,0.25,31.0
2018-07-18,1817,86000.0,3490250.0,40.6,40.7,40.5,40.65,0.05,38.0
2018-07-19,1817,34000.0,1379150.0,40.75,40.75,40.45,40.65,0.0,20.0
2018-07-20,1817,13000.0,527900.0,40.65,40.65,40.6,40.6,-0.05,6.0
2018-07-23,1817,38000.0,1539450.0,40.55,40.55,40.45,40.45,-0.15,17.0
2018-07-24,1817,61000.0,2469850.0,40.5,40.5,40.45,40.5,0.05,38.0
2018-07-25,1817,84400.0,3406790.0,40.15,40.55,40.15,40.3,-0.2,60.0
2018-07-26,1817,7000.0,284200.0,40.7,40.7,40.45,40.6,0.3,7.0
2018-07-27,1817,21028.0,851248.0,40.6,40.6,40.4,40.6,0.0,15.0
2018-07-30,1817,44171.0,1795976.0,40.7,40.75,40.5,40.65,0.05,38.0
2018-07-31,1817,39230.0,1598649.0,40.75,40.8,40.7,40.75,0.1,31.0
2018-08-01,1817,101000.0,4145850.0,40.8,41.3,40.8,41.25,0.5,59.0
2018-08-02,1817,68050.0,2796614.0,41.35,41.35,40.75,41.15,-0.1,49.0
2018-08-03,1817,49000.0,2013650.0,41.15,41.15,41.0,41.15,0.0,24.0
2018-08-06,1817,42000.0,1733100.0,41.15,41.4,41.15,41.4,0.25,30.0
2018-08-07,1817,81010.0,3359293.0,41.4,41.6,41.1,41.6,0.2,50.0
2018-08-08,1817,210100.0,8705450.0,41.65,42.0,41.0,42.0,0.4,139.0
2018-08-09,1817,175000.0,6955900.0,39.85,39.85,39.65,39.65,0.0,122.0
2018-08-10,1817,166149.0,6528910.0,39.6,39.65,39.0,39.0,-0.65,98.0
2018-08-13,1817,133500.0,5155849.0,39.0,39.0,38.15,38.2,-0.8,90.0
2018-08-14,1817,100000.0,3836000.0,38.2,39.45,38.15,39.25,1.05,53.0
2018-08-15,1817,157251.0,6032889.0,39.25,39.25,38.2,38.35,-0.9,54.0
2018-08-16,1817,120000.0,4554650.0,38.2,38.2,37.8,38.0,-0.35,81.0
2018-08-17,1817,130060.0,4907150.0,38.1,38.1,37.55,37.7,-0.3,83.0
2018-08-20,1817,51000.0,1937700.0,37.55,38.25,37.55,38.1,0.4,33.0
2018-08-21,1817,44000.0,1669500.0,37.9,38.1,37.8,38.1,0.0,14.0
2018-08-22,1817,54000.0,2052800.0,38.0,38.3,38.0,38.3,0.2,34.0
2018-08-23,1817,52214.0,1990224.0,38.5,38.5,37.9,38.45,0.15,41.0
2018-08-24,1817,28330.0,1077654.0,38.1,38.4,37.95,38.4,-0.05,25.0
2018-08-27,1817,64500.0,2458400.0,38.4,38.4,37.95,38.3,-0.1,51.0
2018-08-28,1817,59200.0,2251350.0,38.2,38.2,37.9,38.0,-0.3,53.0
2018-08-29,1817,36000.0,1368400.0,38.25,38.25,37.9,38.05,0.05,29.0
2018-08-30,1817,24430.0,930933.0,38.15,38.15,38.05,38.1,0.05,20.0
2018-08-31,1817,32266.0,1225347.0,38.1,38.15,37.9,38.15,0.05,33.0
2018-09-03,1817,43000.0,1633200.0,38.15,38.15,37.8,38.0,-0.15,34.0
2018-09-04,1817,42520.0,1616215.0,38.0,38.15,38.0,38.15,0.15,31.0
2018-09-05,1817,22065.0,839689.0,38.0,38.1,38.0,38.1,-0.05,20.0
2018-09-06,1817,51294.0,1947060.0,37.9,38.1,37.8,38.1,0.0,37.0
2018-09-07,1817,56000.0,2124050.0,37.95,38.05,37.85,38.05,-0.05,35.0
2018-09-10,1817,39250.0,1483837.0,37.7,38.05,37.7,38.0,-0.05,26.0
2018-09-11,1817,42000.0,1586100.0,38.0,38.0,37.7,38.0,0.0,27.0
2018-09-12,1817,2119.0,80357.0,37.9,37.9,37.9,37.9,-0.1,5.0
2018-09-13,1817,56070.0,2127728.0,37.9,38.0,37.9,38.0,0.1,24.0
2018-09-14,1817,76000.0,2884500.0,37.8,38.0,37.8,38.0,0.0,20.0
2018-09-17,1817,7000.0,265300.0,38.0,38.0,37.8,38.0,0.0,5.0
2018-09-18,1817,13000.0,492250.0,37.9,37.95,37.8,37.85,-0.15,12.0
2018-09-19,1817,57080.0,2165038.0,37.9,38.1,37.8,38.0,0.15,52.0
2018-09-20,1817,66100.0,2503029.0,38.15,38.4,37.7,37.85,-0.15,51.0
2018-09-21,1817,24700.0,934055.0,38.0,38.0,37.75,37.95,0.1,24.0
2018-09-25,1817,24154.0,915182.0,38.0,38.0,37.7,38.0,0.05,22.0
2018-09-26,1817,38633.0,1461398.0,38.0,38.0,37.75,37.9,-0.1,25.0
2018-09-27,1817,81196.0,3083037.0,38.0,38.0,37.85,38.0,0.1,30.0
2018-09-28,1817,72000.0,2741950.0,38.0,38.2,37.9,37.9,-0.1,18.0
2018-10-01,1817,36000.0,1367700.0,37.9,38.15,37.9,38.05,0.15,21.0
2018-10-02,1817,40250.0,1532650.0,38.15,38.25,38.0,38.05,0.0,37.0
2018-10-03,1817,79050.0,3037225.0,38.2,38.8,38.05,38.5,0.45,58.0
2018-10-04,1817,18000.0,689650.0,38.5,38.5,38.15,38.4,-0.1,18.0
2018-10-05,1817,16100.0,611060.0,38.1,38.1,37.9,37.9,-0.5,16.0
2018-10-08,1817,28051.0,1059582.0,37.85,37.9,37.7,37.9,0.0,27.0
2018-10-09,1817,26000.0,983300.0,37.7,37.9,37.65,37.9,0.0,18.0
2018-10-11,1817,263300.0,9648450.0,37.5,37.65,36.1,37.65,-0.25,146.0
2018-10-12,1817,66500.0,2478424.0,37.45,37.5,37.0,37.5,-0.15,53.0
2018-10-15,1817,15000.0,557950.0,37.0,37.5,37.0,37.5,0.0,13.0
2018-10-16,1817,64000.0,2379900.0,37.5,37.5,37.0,37.35,-0.15,43.0
2018-10-17,1817,42000.0,1556250.0,37.35,37.45,36.9,37.1,-0.25,41.0
2018-10-18,1817,46200.0,1702110.0,36.7,37.25,36.7,36.8,-0.3,39.0
2018-10-19,1817,78873.0,2872850.0,36.5,36.9,36.2,36.9,0.1,66.0
2018-10-22,1817,62050.0,2289400.0,37.0,37.05,36.75,37.0,0.1,50.0
2018-10-23,1817,69000.0,2513950.0,36.25,37.45,36.2,37.0,0.0,56.0
2018-10-24,1817,72080.0,2618960.0,36.4,36.7,36.2,36.65,-0.35,66.0
2018-10-25,1817,88000.0,3173000.0,36.0,36.3,35.95,36.1,-0.55,68.0
2018-10-26,1817,19100.0,691605.0,36.2,36.45,36.0,36.2,0.1,14.0
2018-10-29,1817,71087.0,2559016.0,36.0,36.2,35.9,36.05,-0.15,55.0
2018-10-30,1817,88000.0,3159550.0,36.05,36.15,35.75,35.9,-0.15,59.0
2018-10-31,1817,84000.0,3022450.0,36.0,36.05,35.9,35.9,0.0,50.0
2018-11-01,1817,83000.0,2978650.0,35.9,36.4,35.8,35.85,-0.05,78.0
2018-11-02,1817,104000.0,3727000.0,35.8,36.1,35.75,35.85,0.0,101.0
2018-11-05,1817,89000.0,3183400.0,35.7,36.0,35.6,35.8,-0.05,72.0
2018-11-06,1817,100019.0,3548880.0,35.5,35.7,35.3,35.5,-0.3,71.0
2018-11-07,1817,85000.0,3019350.0,35.55,35.65,35.5,35.65,0.15,83.0
2018-11-08,1817,67100.0,2397560.0,35.65,35.75,35.6,35.75,0.1,56.0
2018-11-09,1817,35000.0,1249900.0,35.8,35.8,35.65,35.75,0.0,28.0
2018-11-12,1817,41207.0,1484963.0,35.75,36.2,35.75,35.95,0.2,36.0
2018-11-13,1817,41000.0,1475800.0,35.75,36.1,35.75,36.1,0.15,23.0
2018-11-14,1817,180001.0,6560786.0,36.45,36.6,36.15,36.3,0.2,63.0
2018-11-15,1817,61000.0,2233550.0,39.0,39.0,36.35,36.5,0.2,44.0
2018-11-16,1817,18000.0,659800.0,36.75,36.75,36.6,36.65,0.15,18.0
2018-11-19,1817,32000.0,1175200.0,36.8,37.05,36.6,36.65,0.0,26.0
2018-11-20,1817,23000.0,848750.0,36.8,37.0,36.7,37.0,0.35,18.0
2018-11-21,1817,26000.0,953900.0,37.0,37.0,36.45,36.85,-0.15,21.0
2018-11-22,1817,202000.0,7328750.0,36.8,36.8,35.7,35.9,-0.95,77.0
2018-11-23,1817,52050.0,1854950.0,35.9,35.9,35.5,35.65,-0.25,43.0
2018-11-26,1817,154000.0,5468250.0,35.9,35.9,35.25,35.5,-0.15,57.0
2018-11-27,1817,50000.0,1776200.0,35.5,35.65,35.45,35.5,0.0,44.0
2018-11-28,1817,28000.0,999450.0,35.6,35.85,35.55,35.85,0.35,24.0
2018-11-29,1817,42000.0,1497300.0,35.9,35.9,35.55,35.8,-0.05,32.0
2018-11-30,1817,24000.0,864800.0,36.0,36.1,35.95,36.0,0.2,18.0
2018-12-03,1817,98000.0,3538200.0,36.5,36.5,35.7,36.0,0.0,72.0
2018-12-04,1817,7000.0,252350.0,36.2,36.2,36.0,36.15,0.15,5.0
2018-12-05,1817,18000.0,643850.0,36.15,36.15,35.55,35.8,-0.35,15.0
2018-12-06,1817,72000.0,2601700.0,35.95,36.6,35.9,36.1,0.3,54.0
2018-12-07,1817,19300.0,697000.0,36.5,36.5,35.75,36.25,0.15,18.0
2018-12-10,1817,19000.0,687550.0,36.25,36.4,36.1,36.4,0.15,16.0
2018-12-11,1817,70000.0,2552950.0,36.55,36.75,36.2,36.3,-0.1,48.0
2018-12-12,1817,62160.0,2259902.0,36.95,36.95,36.0,36.55,0.25,32.0
2018-12-13,1817,29000.0,1059850.0,36.7,36.75,36.35,36.35,-0.2,26.0
2018-12-14,1817,22101.0,801706.0,36.4,36.6,36.2,36.2,-0.15,13.0
2018-12-17,1817,77100.0,2873260.0,36.2,37.8,36.2,37.2,1.0,50.0
2018-12-18,1817,33000.0,1226250.0,37.1,37.2,37.05,37.2,0.0,24.0
2018-12-19,1817,25000.0,931100.0,37.1,37.55,37.05,37.2,0.0,23.0
2018-12-20,1817,12000.0,444900.0,37.1,37.2,37.0,37.0,-0.2,12.0
2018-12-21,1817,7000.0,258200.0,36.7,37.0,36.7,37.0,0.0,7.0
2018-12-22,1817,3000.0,111400.0,37.3,37.3,37.0,37.1,0.1,3.0
2018-12-24,1817,17069.0,626023.0,37.0,37.0,36.45,36.8,-0.3,15.0
2018-12-25,1817,20000.0,731700.0,36.8,36.8,36.45,36.8,0.0,12.0
2018-12-26,1817,5000.0,182800.0,36.5,36.8,36.5,36.8,0.0,4.0
2018-12-27,1817,66000.0,2435450.0,36.85,37.3,36.7,37.3,0.5,43.0
2018-12-28,1817,8000.0,295550.0,37.0,37.0,36.85,36.95,-0.35,8.0
2019-01-02,1817,29000.0,1071800.0,37.1,37.1,36.9,36.9,-0.05,19.0
2019-01-03,1817,11381.0,419909.0,36.95,36.95,36.6,36.9,0.0,10.0
2019-01-04,1817,15000.0,550300.0,36.8,36.85,36.6,36.7,-0.2,12.0
2019-01-07,1817,8119.0,299191.0,36.9,36.9,36.75,36.8,0.1,9.0
2019-01-08,1817,26300.0,969160.0,36.8,36.9,36.8,36.9,0.1,23.0
2019-01-09,1817,147409.0,5442687.0,36.9,37.0,36.75,36.9,0.0,131.0
2019-01-10,1817,24172.0,903100.0,36.9,38.0,36.9,37.5,0.6,24.0
2019-01-11,1817,26000.0,964450.0,37.3,37.3,37.0,37.1,-0.4,26.0
2019-01-14,1817,15000.0,552000.0,36.8,36.8,36.8,36.8,-0.3,15.0
2019-01-15,1817,33200.0,1212550.0,36.8,36.9,36.1,36.5,-0.3,32.0
2019-01-16,1817,81000.0,2940700.0,36.5,36.5,36.15,36.2,-0.3,67.0
2019-01-17,1817,17002.0,618276.0,36.6,36.7,36.25,36.25,0.05,17.0
2019-01-18,1817,29000.0,1053000.0,36.2,36.4,36.2,36.25,0.0,21.0
2019-01-21,1817,33000.0,1200650.0,36.3,36.45,36.3,36.4,0.15,23.0
2019-01-22,1817,126000.0,4565150.0,36.7,36.7,36.15,36.2,-0.2,30.0
2019-01-23,1817,102000.0,3690350.0,36.2,36.3,36.15,36.15,-0.05,36.0
2019-01-24,1817,44000.0,1591500.0,36.2,36.3,36.1,36.1,-0.05,37.0
2019-01-25,1817,29000.0,1050450.0,36.2,36.4,36.15,36.35,0.25,25.0
2019-01-28,1817,70000.0,2549600.0,36.35,36.5,36.25,36.5,0.15,45.0
2019-01-29,1817,20000.0,729850.0,36.5,36.5,36.35,36.5,0.0,16.0
2019-01-30,1817,75000.0,2733650.0,36.6,36.7,36.05,36.65,0.15,55.0
2019-02-11,1817,86000.0,3168200.0,36.8,37.05,36.65,36.9,0.25,65.0
2019-02-12,1817,86000.0,3185950.0,37.2,37.2,36.6,37.1,0.2,80.0
2019-02-13,1817,67066.0,2487970.0,37.15,37.2,36.95,37.15,0.05,58.0
2019-02-14,1817,51000.0,1895000.0,37.15,37.3,37.05,37.2,0.05,42.0
2019-02-15,1817,57000.0,2118150.0,37.3,37.3,37.0,37.25,0.05,41.0
2019-02-18,1817,164810.0,6066075.0,37.15,37.15,36.5,36.95,-0.3,141.0
2019-02-19,1817,60000.0,2209050.0,37.0,37.0,36.7,37.0,0.05,52.0
2019-02-20,1817,130100.0,4834160.0,37.0,37.85,36.85,37.45,0.45,104.0
2019-02-21,1817,27050.0,1006570.0,37.25,37.3,37.1,37.3,-0.15,26.0
2019-02-22,1817,29200.0,1084657.0,37.3,37.3,36.8,37.3,0.0,31.0
2019-02-25,1817,34000.0,1266300.0,37.3,37.3,37.15,37.25,-0.05,32.0
2019-02-26,1817,193000.0,7146450.0,37.25,38.1,36.8,37.25,0.0,165.0
2019-02-27,1817,44000.0,1631400.0,37.25,37.25,36.9,37.25,0.0,38.0
2019-03-04,1817,67500.0,2513249.0,37.3,37.45,37.1,37.3,0.05,60.0
2019-03-05,1817,121100.0,4504815.0,37.3,37.35,37.1,37.3,0.0,99.0
2019-03-06,1817,188003.0,6967661.0,37.2,37.3,36.95,37.0,-0.3,164.0
2019-03-07,1817,47001.0,1739287.0,37.0,37.1,36.9,37.0,0.0,38.0
2019-03-08,1817,27000.0,995700.0,36.9,36.95,36.75,36.95,-0.05,20.0
2019-03-11,1817,29000.0,1075000.0,36.9,37.2,36.9,37.1,0.15,19.0
2019-03-12,1817,56000.0,2078500.0,37.15,37.25,37.0,37.2,0.1,40.0
2019-03-13,1817,90000.0,3352350.0,37.2,37.35,37.15,37.25,0.05,74.0
2019-03-14,1817,169130.0,6291874.0,37.25,37.3,37.1,37.2,-0.05,99.0
2019-03-15,1817,147548.0,5471484.0,37.2,37.3,36.9,37.1,-0.1,91.0
2019-03-18,1817,45000.0,1667500.0,37.1,37.2,36.95,37.2,0.1,41.0
2019-03-19,1817,91000.0,3366600.0,37.25,37.25,36.9,37.2,0.0,74.0
2019-03-20,1817,72000.0,2661500.0,37.05,37.1,36.9,36.95,-0.25,66.0
2019-03-21,1817,284000.0,10423200.0,36.9,36.9,36.55,36.85,-0.1,214.0
2019-03-22,1817,175000.0,6503950.0,37.05,37.35,36.9,37.3,0.45,126.0
2019-03-25,1817,187130.0,6934529.0,37.3,37.3,36.95,36.95,-0.35,155.0
2019-03-26,1817,155000.0,5743200.0,37.1,37.3,36.95,37.3,0.35,121.0
2019-03-27,1817,78000.0,2913200.0,37.3,37.45,37.3,37.35,0.05,50.0
2019-03-28,1817,232500.0,8825725.0,37.35,38.25,37.25,38.2,0.85,153.0
2019-03-29,1817,49210.0,1870391.0,38.2,38.2,37.8,38.2,0.0,46.0
2019-04-01,1817,159000.0,6099900.0,38.2,39.0,38.1,38.65,0.45,100.0
2019-04-02,1817,58000.0,2238200.0,38.5,38.8,38.4,38.65,0.0,42.0
2019-04-03,1817,45000.0,1738450.0,38.6,38.65,38.5,38.65,0.0,30.0
2019-04-08,1817,108200.0,4143450.0,38.6,38.6,38.2,38.5,-0.15,58.0
2019-04-09,1817,36000.0,1384400.0,38.5,38.55,38.3,38.4,-0.1,25.0
2019-04-10,1817,73000.0,2797100.0,38.5,38.6,38.15,38.5,0.1,61.0
2019-04-11,1817,26000.0,1001600.0,38.3,38.65,38.3,38.5,0.0,16.0
2019-04-12,1817,20051.0,768626.0,38.5,38.5,38.2,38.2,-0.3,18.0
2019-04-15,1817,67019.0,2592673.0,38.2,39.3,38.2,38.65,0.45,44.0
2019-04-16,1817,21000.0,808800.0,38.65,38.65,38.25,38.65,0.0,20.0
2019-04-17,1817,56000.0,2163350.0,38.7,38.75,38.4,38.6,-0.05,36.0
2019-04-18,1817,49000.0,1878000.0,38.6,38.6,38.2,38.4,-0.2,38.0
2019-04-19,1817,22000.0,845700.0,38.3,38.6,38.3,38.6,0.2,20.0
2019-04-22,1817,42000.0,1618650.0,38.5,38.6,38.35,38.6,0.0,22.0
2019-04-23,1817,23889.0,918169.0,38.6,38.6,38.35,38.35,-0.25,26.0
2019-04-24,1817,26000.0,997050.0,38.5,38.5,38.3,38.4,0.05,23.0
2019-04-25,1817,54000.0,2066100.0,38.4,38.4,38.2,38.4,0.0,34.0
2019-04-26,1817,37000.0,1413950.0,38.2,38.4,38.2,38.4,0.0,29.0
2019-04-29,1817,50000.0,1918950.0,38.5,38.55,38.2,38.55,0.15,24.0
2019-04-30,1817,35000.0,1345300.0,38.55,38.55,38.35,38.55,0.0,25.0
2019-05-02,1817,90000.0,3442200.0,38.5,38.5,38.2,38.5,-0.05,86.0
2019-05-03,1817,27400.0,1056969.0,38.6,38.6,38.45,38.5,0.0,27.0
2019-05-06,1817,25000.0,960600.0,38.5,38.5,38.3,38.3,-0.2,20.0
2019-05-07,1817,25740.0,986764.0,38.3,38.4,38.2,38.4,0.1,24.0
2019-05-08,1817,34000.0,1300550.0,38.3,38.4,38.2,38.4,0.0,26.0
2019-05-09,1817,32000.0,1225750.0,38.4,38.4,38.15,38.2,-0.2,23.0
2019-05-10,1817,119000.0,4537100.0,38.2,38.35,38.0,38.0,-0.2,62.0
2019-05-13,1817,74192.0,2815426.0,38.05,38.15,37.8,38.1,0.1,48.0
2019-05-14,1817,107000.0,4017900.0,37.8,37.8,37.2,37.8,-0.3,61.0
2019-05-15,1817,60020.0,2271115.0,37.8,38.0,37.8,37.9,0.1,35.0
2019-05-16,1817,26000.0,981500.0,37.9,37.95,37.5,37.95,0.05,23.0
2019-05-17,1817,26000.0,993050.0,37.8,38.5,37.8,38.0,0.05,15.0
2019-05-20,1817,55000.0,2080500.0,38.0,38.0,37.75,38.0,0.0,36.0
2019-05-21,1817,26551.0,1008432.0,38.0,38.1,37.8,38.1,0.1,20.0
2019-05-22,1817,27000.0,1024750.0,38.15,38.15,37.85,38.0,-0.1,24.0
2019-05-23,1817,16000.0,603800.0,38.0,38.0,37.7,37.7,-0.3,12.0
2019-05-24,1817,54000.0,2038950.0,38.0,38.0,37.65,37.65,-0.05,36.0
2019-05-27,1817,37300.0,1415970.0,37.8,38.1,37.8,38.1,0.45,30.0
2019-05-28,1817,38142.0,1455031.0,38.1,38.3,37.85,38.2,0.1,36.0
2019-05-29,1817,18000.0,687350.0,38.2,38.2,38.15,38.2,0.0,17.0
2019-05-30,1817,112000.0,4314450.0,38.2,38.65,38.2,38.6,0.4,75.0
2019-05-31,1817,118000.0,4585600.0,38.6,39.1,38.3,39.1,0.5,88.0
2019-06-03,1817,120000.0,4658650.0,39.1,39.3,38.5,38.55,-0.55,94.0
2019-06-04,1817,41340.0,1601357.0,39.1,39.1,38.6,38.7,0.15,31.0
2019-06-05,1817,43000.0,1663000.0,38.7,38.75,38.6,38.65,-0.05,26.0
2019-06-06,1817,197100.0,7480805.0,38.3,38.3,37.8,38.05,-0.6,113.0
2019-06-10,1817,79111.0,3010562.0,38.1,38.65,37.9,38.05,0.0,48.0
2019-06-11,1817,50000.0,1906700.0,38.15,38.4,38.0,38.4,0.35,28.0
2019-06-12,1817,46000.0,1767750.0,38.6,38.6,38.3,38.4,0.0,33.0
2019-06-13,1817,25000.0,959700.0,38.4,38.45,38.3,38.4,0.0,20.0
2019-06-14,1817,41000.0,1564750.0,38.2,38.45,38.1,38.45,0.05,34.0
2019-06-17,1817,66000.0,2524050.0,38.6,38.6,38.0,38.5,0.05,46.0
2019-06-18,1817,35180.0,1357120.0,38.5,38.65,38.5,38.65,0.15,26.0
2019-06-19,1817,59000.0,2273150.0,38.65,38.65,38.3,38.65,0.0,46.0
2019-06-20,1817,63049.0,2441704.0,39.0,39.0,38.65,38.75,0.1,37.0
2019-06-21,1817,68004.0,2634906.0,38.6,39.0,38.6,38.85,0.1,38.0
2019-06-24,1817,75000.0,2916850.0,38.85,39.0,38.75,38.9,0.05,51.0
2019-06-25,1817,266500.0,10430975.0,39.1,39.3,38.9,39.25,0.35,154.0
2019-06-26,1817,317440.0,12618326.0,39.25,40.45,39.1,40.35,1.1,208.0
2019-06-27,1817,149134.0,5988110.0,40.4,40.45,39.85,39.95,-0.4,110.0
2019-06-28,1817,64020.0,2553906.0,39.95,40.2,39.7,39.95,0.0,48.0
2019-07-01,1817,154000.0,6109150.0,40.05,40.05,39.3,40.0,0.05,81.0
2019-07-02,1817,36050.0,1433110.0,40.0,40.0,39.6,39.85,-0.15,32.0
2019-07-03,1817,56080.0,2222842.0,39.8,39.9,39.5,39.8,-0.05,47.0
2019-07-04,1817,31000.0,1233400.0,39.8,39.85,39.7,39.85,0.05,21.0
2019-07-05,1817,110295.0,4408108.0,39.85,40.1,39.8,40.1,0.25,64.0
2019-07-08,1817,118266.0,4719812.0,40.1,40.15,39.75,40.1,0.0,86.0
2019-07-09,1817,64000.0,2547750.0,39.8,40.0,39.65,40.0,-0.1,43.0
2019-07-10,1817,81070.0,3234050.0,39.9,39.95,39.75,39.9,-0.1,55.0
2019-07-11,1817,155000.0,6086850.0,39.5,39.55,39.1,39.55,-0.35,107.0
2019-07-12,1817,70075.0,2762135.0,39.4,39.55,39.2,39.45,-0.1,55.0
2019-07-15,1817,175020.0,6869944.0,39.45,39.7,39.05,39.5,0.05,94.0
2019-07-16,1817,133000.0,5261050.0,39.45,39.7,39.4,39.7,0.2,66.0
2019-07-17,1817,122000.0,4810500.0,39.55,39.6,39.3,39.6,-0.1,59.0
2019-07-18,1817,70000.0,2772250.0,39.6,39.75,39.55,39.6,0.0,44.0
2019-07-19,1817,81106.0,3212940.0,39.6,39.7,39.6,39.65,0.05,43.0
2019-07-22,1817,88175.0,3473397.0,39.65,39.65,39.25,39.55,-0.1,51.0
2019-07-23,1817,155141.0,6073248.0,39.4,39.4,38.9,39.0,-0.55,114.0
2019-07-24,1817,152090.0,5931646.0,39.1,39.1,38.9,39.0,0.0,98.0
2019-07-25,1817,71000.0,2777300.0,39.2,39.2,39.05,39.1,0.1,42.0
2019-07-26,1817,73000.0,2864000.0,39.1,39.4,39.1,39.25,0.15,35.0
2019-07-29,1817,73085.0,2874799.0,39.3,39.45,39.3,39.3,0.05,56.0
2019-07-30,1817,46000.0,1810950.0,39.45,39.45,39.3,39.4,0.1,38.0
2019-07-31,1817,57000.0,2240750.0,39.3,39.35,39.25,39.3,-0.1,51.0
2019-08-01,1817,79066.0,3098337.0,39.3,39.3,39.1,39.15,-0.15,61.0
2019-08-02,1817,89000.0,3468650.0,39.15,39.2,38.75,39.0,-0.15,60.0
2019-08-05,1817,165000.0,6403300.0,39.0,39.0,38.6,39.0,0.0,89.0
2019-08-06,1817,172000.0,6617550.0,38.3,38.9,38.15,38.9,-0.1,101.0
2019-08-07,1817,226010.0,8794113.0,38.6,39.2,38.6,39.2,0.3,115.0
2019-08-08,1817,231000.0,8526300.0,36.9,37.1,36.75,37.05,0.0,112.0
2019-08-12,1817,418132.0,15165002.0,37.05,37.05,36.0,36.1,-0.95,271.0
2019-08-13,1817,387300.0,13712600.0,35.6,36.0,35.2,36.0,-0.1,245.0
2019-08-14,1817,975522.0,33937473.0,35.85,35.85,34.4,34.95,-1.05,530.0
2019-08-15,1817,402404.0,13721138.0,34.5,34.55,33.9,33.9,-1.05,253.0
2019-08-16,1817,249026.0,8473493.0,34.0,34.3,33.9,34.15,0.25,135.0
2019-08-19,1817,234000.0,7986000.0,34.15,34.35,33.95,33.95,-0.2,167.0
2019-08-20,1817,180000.0,6137300.0,34.3,34.3,34.0,34.2,0.25,120.0
2019-08-21,1817,218000.0,7422200.0,34.1,34.45,33.95,34.45,0.25,163.0
2019-08-22,1817,131042.0,4497911.0,34.45,34.6,34.1,34.3,-0.15,116.0
2019-08-23,1817,234331.0,7977119.0,34.3,34.45,33.9,34.25,-0.05,184.0
2019-08-26,1817,42148.0,1443249.0,34.0,34.4,33.95,34.3,0.05,38.0
2019-08-27,1817,92110.0,3183583.0,34.5,35.0,34.3,34.55,0.25,51.0
2019-08-28,1817,64370.0,2239167.0,34.6,35.0,34.6,35.0,0.45,54.0
2019-08-29,1817,65000.0,2272650.0,35.0,35.05,34.85,35.0,0.0,47.0
2019-08-30,1817,65600.0,2301000.0,35.0,35.3,35.0,35.05,0.05,44.0
2019-09-02,1817,51000.0,1805550.0,35.4,35.75,35.3,35.45,0.4,42.0
2019-09-03,1817,58000.0,2052900.0,35.5,35.75,35.15,35.45,0.0,41.0
2019-09-04,1817,69200.0,2451329.0,35.35,35.65,35.35,35.5,0.05,50.0
2019-09-05,1817,78000.0,2771450.0,35.5,35.7,35.45,35.45,-0.05,51.0
2019-09-06,1817,106000.0,3772350.0,35.5,35.75,35.45,35.75,0.3,70.0
2019-09-09,1817,131259.0,4740526.0,35.95,36.3,35.95,36.2,0.45,103.0
2019-09-10,1817,141314.0,5155610.0,36.2,36.6,36.2,36.5,0.3,76.0
2019-09-11,1817,188000.0,6748050.0,36.5,36.8,35.5,35.8,-0.7,125.0
2019-09-12,1817,55000.0,1974800.0,36.0,36.3,35.8,35.9,0.1,36.0
2019-09-16,1817,34000.0,1219050.0,35.9,36.1,35.6,35.95,0.05,27.0
2019-09-17,1817,22000.0,789850.0,36.1,36.1,35.8,36.0,0.05,17.0
2019-09-18,1817,48237.0,1739167.0,36.0,36.2,36.0,36.1,0.1,37.0
2019-09-19,1817,60000.0,2153200.0,36.0,36.2,35.8,35.9,-0.2,34.0
2019-09-20,1817,65125.0,2346385.0,36.1,36.1,35.9,36.0,0.1,36.0
2019-09-23,1817,55030.0,1977731.0,36.0,36.3,35.8,36.0,0.0,36.0
2019-09-24,1817,100000.0,3568400.0,35.9,36.0,35.5,35.75,-0.25,60.0
2019-09-25,1817,56000.0,1989250.0,35.8,35.8,35.3,35.75,0.0,49.0
2019-09-26,1817,35963.0,1283936.0,35.85,35.85,35.6,35.75,0.0,34.0
2019-09-27,1817,48002.0,1704922.0,35.5,35.7,35.4,35.7,-0.05,40.0
2019-10-01,1817,36048.0,1282763.0,35.25,35.7,35.25,35.7,0.0,28.0
2019-10-02,1817,13418.0,477172.0,35.7,35.7,35.4,35.7,0.0,15.0
2019-10-03,1817,26127.0,929833.0,35.7,35.7,35.4,35.65,-0.05,24.0
2019-10-04,1817,18350.0,651195.0,35.5,35.65,35.4,35.65,0.0,18.0
2019-10-07,1817,62000.0,2193600.0,35.5,35.5,35.3,35.5,-0.15,40.0
2019-10-08,1817,8025.0,284438.0,35.5,35.5,35.35,35.35,-0.15,10.0
2019-10-09,1817,18000.0,634850.0,35.35,35.35,35.15,35.3,-0.05,15.0
2019-10-14,1817,171600.0,5957800.0,35.3,35.3,34.5,34.6,-0.7,127.0
2019-10-15,1817,65000.0,2249850.0,34.55,34.7,34.5,34.7,0.1,36.0
2019-10-16,1817,30000.0,1042050.0,34.7,35.05,34.6,35.05,0.35,25.0
2019-10-17,1817,33000.0,1157650.0,35.05,35.2,35.0,35.0,-0.05,29.0
2019-10-18,1817,12000.0,420100.0,35.0,35.1,35.0,35.1,0.1,12.0
2019-10-21,1817,26000.0,919500.0,35.1,35.8,35.1,35.3,0.2,22.0
2019-10-22,1817,123000.0,4336950.0,35.25,35.35,35.0,35.35,0.05,36.0
2019-10-23,1817,34000.0,1191650.0,35.15,35.35,35.0,35.35,0.0,30.0
2019-10-24,1817,58000.0,2032750.0,35.35,35.35,34.95,35.1,-0.25,42.0
2019-10-25,1817,40000.0,1399250.0,35.0,35.05,34.95,35.0,-0.1,24.0
2019-10-28,1817,28500.0,998549.0,35.3,35.3,34.9,35.2,0.2,30.0
2019-10-29,1817,83000.0,2891400.0,34.8,35.15,34.7,34.8,-0.4,62.0
2019-10-30,1817,37000.0,1288550.0,34.8,35.05,34.75,34.75,-0.05,31.0
2019-10-31,1817,30250.0,1056862.0,34.95,35.0,34.85,34.85,0.1,27.0
2019-11-01,1817,36250.0,1259937.0,34.6,34.95,34.6,34.85,0.0,33.0
2019-11-04,1817,104000.0,3608550.0,34.85,34.85,34.6,34.7,-0.15,69.0
2019-11-05,1817,43000.0,1497100.0,34.7,35.0,34.7,34.9,0.2,27.0
2019-11-06,1817,57000.0,1981150.0,34.9,34.9,34.7,34.75,-0.15,47.0
2019-11-07,1817,48421.0,1681066.0,34.75,34.85,34.6,34.85,0.1,49.0
2019-11-08,1817,117000.0,4055250.0,34.85,34.85,34.5,34.85,0.0,102.0
2019-11-11,1817,128190.0,4427905.0,34.85,34.85,34.45,34.55,-0.3,125.0
2019-11-12,1817,64350.0,2233365.0,34.9,34.95,34.55,34.75,0.2,43.0
2019-11-13,1817,53000.0,1835300.0,34.65,34.85,34.55,34.85,0.1,39.0
2019-11-14,1817,46626.0,1625697.0,34.95,34.95,34.75,34.9,0.05,38.0
2019-11-15,1817,78081.0,2726991.0,34.9,35.0,34.9,34.95,0.05,68.0
2019-11-18,1817,58050.0,2029262.0,34.95,35.0,34.9,34.95,0.0,51.0
2019-11-19,1817,115030.0,4033318.0,35.1,35.2,34.95,35.0,0.05,81.0
2019-11-20,1817,94000.0,3298250.0,35.05,35.25,35.0,35.0,0.0,63.0
2019-11-21,1817,53000.0,1853650.0,35.0,35.0,34.95,35.0,0.0,41.0
2019-11-22,1817,37000.0,1292600.0,35.0,35.0,34.9,35.0,0.0,33.0
2019-11-25,1817,89000.0,3121150.0,35.05,35.25,34.9,34.9,-0.1,71.0
2019-11-26,1817,74000.0,2588650.0,35.0,35.2,34.9,34.9,0.0,68.0
2019-11-27,1817,173000.0,6050750.0,34.9,35.2,34.9,35.05,0.15,146.0
2019-11-28,1817,55020.0,1932612.0,35.25,35.25,35.0,35.2,0.15,31.0
2019-11-29,1817,33000.0,1157050.0,35.1,35.1,35.0,35.1,-0.1,22.0
2019-12-02,1817,103000.0,3620350.0,35.1,35.25,34.95,35.1,0.0,25.0
2019-12-03,1817,46000.0,1606300.0,35.0,35.1,34.85,35.1,0.0,31.0
2019-12-04,1817,23000.0,805500.0,35.1,35.1,34.95,35.0,-0.1,10.0
2019-12-05,1817,31000.0,1084700.0,35.0,35.1,34.9,35.1,0.1,21.0
2019-12-06,1817,39005.0,1364926.0,35.1,35.1,34.9,35.0,-0.1,39.0
2019-12-09,1817,59000.0,2063000.0,35.0,35.2,34.85,34.9,-0.1,45.0
2019-12-10,1817,74205.0,2593945.0,34.9,35.05,34.85,35.0,0.1,39.0
2019-12-11,1817,156000.0,5533000.0,35.1,36.1,35.1,35.2,0.2,105.0
2019-12-12,1817,232020.0,8208610.0,35.2,35.6,35.2,35.3,0.1,86.0
2019-12-13,1817,120200.0,4231100.0,35.3,35.6,35.0,35.15,-0.15,59.0
2019-12-16,1817,110000.0,3856900.0,35.1,35.15,35.0,35.1,-0.05,58.0
2019-12-17,1817,94078.0,3290349.0,35.1,35.3,34.85,35.0,-0.1,61.0
2019-12-18,1817,142011.0,4963786.0,34.95,35.0,34.85,35.0,0.0,65.0
2019-12-19,1817,23010.0,804401.0,35.0,35.0,34.9,34.95,-0.05,19.0
2019-12-20,1817,61000.0,2130900.0,34.95,35.0,34.9,34.9,-0.05,37.0
2019-12-23,1817,322000.0,11298750.0,34.9,35.3,34.9,35.3,0.4,83.0
2019-12-24,1817,89000.0,3144850.0,35.3,35.4,35.3,35.4,0.1,50.0
2019-12-25,1817,60000.0,2110900.0,35.35,35.35,35.1,35.3,-0.1,34.0
2019-12-26,1817,92000.0,3225550.0,35.15,35.3,34.95,35.3,0.0,66.0
2019-12-27,1817,53033.0,1869766.0,35.0,35.3,35.0,35.3,0.0,32.0
2019-12-30,1817,167000.0,5888900.0,35.2,35.3,35.15,35.3,0.0,49.0
2019-12-31,1817,171060.0,6023942.0,35.1,35.65,35.1,35.65,0.35,49.0
2020-01-02,1817,47200.0,1677589.0,35.7,35.7,35.4,35.6,-0.05,43.0
2020-01-03,1817,58000.0,2057850.0,35.45,35.6,35.4,35.4,-0.2,44.0
2020-01-06,1817,60000.0,2111550.0,35.4,35.4,35.1,35.25,-0.15,51.0
2020-01-07,1817,64000.0,2251600.0,35.15,35.25,35.1,35.2,-0.05,35.0
2020-01-08,1817,69500.0,2433725.0,35.0,35.1,34.95,35.1,-0.1,56.0
2020-01-09,1817,30000.0,1055450.0,35.1,35.25,35.1,35.15,0.05,20.0
2020-01-10,1817,90000.0,3182250.0,35.6,35.6,35.15,35.5,0.35,60.0
2020-01-13,1817,56000.0,1981350.0,35.5,35.5,35.3,35.4,-0.1,41.0
2020-01-14,1817,65289.0,2311745.0,35.4,35.45,35.35,35.4,0.0,48.0
2020-01-15,1817,105000.0,3692650.0,35.3,35.35,35.1,35.15,-0.25,98.0
2020-01-16,1817,149400.0,5237139.0,35.15,35.2,35.0,35.1,-0.05,127.0
2020-01-17,1817,45000.0,1582450.0,35.15,35.3,35.1,35.3,0.2,32.0
2020-01-20,1817,34100.0,1203400.0,35.15,35.35,35.15,35.35,0.05,30.0
2020-01-30,1817,167000.0,5768300.0,35.1,35.1,34.25,34.35,-1.0,119.0
2020-01-31,1817,89000.0,3074200.0,34.35,34.9,34.3,34.9,0.55,62.0
2020-02-03,1817,610000.0,20266500.0,34.65,34.65,33.0,33.8,-1.1,411.0
2020-02-04,1817,70010.0,2392044.0,33.8,34.4,33.8,34.4,0.6,59.0
2020-02-05,1817,53000.0,1810200.0,34.5,34.5,34.0,34.15,-0.25,39.0
2020-02-06,1817,53449.0,1834820.0,34.15,34.5,34.15,34.35,0.2,34.0
2020-02-07,1817,82100.0,2799630.0,34.35,34.35,34.0,34.1,-0.25,64.0
2020-02-10,1817,31050.0,1058997.0,34.05,34.2,34.05,34.05,-0.05,22.0
2020-02-11,1817,84000.0,2839500.0,33.95,34.05,33.65,33.75,-0.3,69.0
2020-02-12,1817,34500.0,1168775.0,33.75,33.95,33.75,33.9,0.15,26.0
2020-02-13,1817,242000.0,8122400.0,33.85,33.85,33.35,33.8,-0.1,143.0
2020-02-14,1817,28000.0,944300.0,33.75,33.85,33.6,33.85,0.05,25.0
2020-02-17,1817,68000.0,2298400.0,33.8,33.95,33.65,33.85,0.0,49.0
2020-02-18,1817,46000.0,1546150.0,33.8,33.8,33.35,33.8,-0.05,26.0
2020-02-19,1817,99165.0,3373600.0,33.9,34.5,33.9,34.1,0.3,78.0
2020-02-20,1817,43709.0,1486675.0,34.1,34.1,33.95,34.0,-0.1,41.0
2020-02-21,1817,62000.0,2108100.0,34.0,34.05,33.95,34.05,0.05,55.0
2020-02-24,1817,59000.0,2005600.0,34.1,34.1,33.85,33.95,-0.1,44.0
2020-02-25,1817,107000.0,3591650.0,33.55,33.8,33.4,33.7,-0.25,71.0
2020-02-26,1817,181000.0,6041300.0,33.65,33.65,33.3,33.45,-0.25,106.0
2020-02-27,1817,186000.0,6114300.0,33.4,33.4,32.5,33.0,-0.45,137.0
2020-03-02,1817,174077.0,5663168.0,32.5,32.8,32.4,32.65,-0.35,124.0
2020-03-03,1817,82000.0,2677600.0,32.55,32.75,32.55,32.75,0.1,62.0
2020-03-04,1817,74000.0,2405800.0,32.6,32.6,32.5,32.5,-0.25,54.0
2020-03-05,1817,122000.0,3971050.0,32.5,32.95,32.4,32.45,-0.05,94.0
2020-03-06,1817,45005.0,1458571.0,32.4,32.45,32.35,32.4,-0.05,36.0
2020-03-09,1817,213800.0,6721988.0,32.35,32.35,31.0,31.3,-1.1,174.0
2020-03-10,1817,185201.0,5691652.0,31.0,31.0,30.55,31.0,-0.3,121.0
2020-03-11,1817,75000.0,2354350.0,31.05,31.65,31.05,31.15,0.15,61.0
2020-03-12,1817,283050.0,8520160.0,31.0,31.0,29.85,29.85,-1.3,195.0
2020-03-13,1817,405600.0,11442179.0,29.6,29.6,27.6,28.0,-1.85,293.0
2020-03-16,1817,152000.0,4264050.0,28.2,28.45,27.95,28.1,0.1,111.0
2020-03-17,1817,285025.0,7751862.0,27.0,27.65,26.9,27.15,-0.95,186.0
2020-03-18,1817,211968.0,5646836.0,27.3,27.35,26.1,26.1,-1.05,159.0
2020-03-19,1817,293900.0,7091582.0,26.0,26.0,23.6,24.0,-2.1,205.0
2020-03-20,1817,253000.0,6362050.0,24.2,25.65,24.2,25.55,1.55,177.0
2020-03-23,1817,103010.0,2595573.0,25.35,25.7,24.7,25.3,-0.25,74.0
2020-03-24,1817,201000.0,5168150.0,25.5,26.1,25.3,25.6,0.3,96.0
2020-03-25,1817,144000.0,3848000.0,26.75,26.9,26.35,26.75,1.15,89.0
2020-03-26,1817,123000.0,3274750.0,27.05,27.05,26.5,26.85,0.1,71.0
2020-03-27,1817,107130.0,2937192.0,27.5,27.7,27.1,27.1,0.25,71.0
2020-03-30,1817,63255.0,1702088.0,27.1,27.1,26.7,27.0,-0.1,48.0
2020-03-31,1817,94000.0,2591800.0,27.3,28.0,27.3,27.35,0.35,69.0
2020-04-01,1817,66000.0,1800350.0,27.1,27.8,27.0,27.4,0.05,42.0
2020-04-06,1817,75256.0,2041879.0,27.6,27.6,26.95,27.6,0.2,61.0
2020-04-07,1817,81016.0,2246372.0,27.8,28.15,27.1,27.9,0.3,58.0
2020-04-08,1817,44000.0,1224400.0,27.8,27.9,27.7,27.9,0.0,36.0
2020-04-09,1817,147000.0,4098450.0,28.2,28.5,27.7,27.7,-0.2,79.0
2020-04-10,1817,41075.0,1154813.0,28.3,28.3,28.0,28.15,0.45,34.0
2020-04-13,1817,57000.0,1600400.0,28.15,28.15,28.0,28.05,-0.1,46.0
2020-04-14,1817,100000.0,2822000.0,28.1,28.4,28.1,28.4,0.35,63.0
2020-04-15,1817,151294.0,4386184.0,28.65,29.4,28.65,29.2,0.8,120.0
2020-04-16,1817,64000.0,1853300.0,29.2,29.3,28.4,29.2,0.0,50.0
2020-04-17,1817,129250.0,3814275.0,29.45,29.8,29.0,29.35,0.15,91.0
2020-04-20,1817,76150.0,2218350.0,29.35,29.35,29.0,29.3,-0.05,46.0
2020-04-21,1817,131010.0,3747840.0,29.3,29.3,28.4,28.6,-0.7,107.0
2020-04-22,1817,33000.0,941150.0,28.0,29.2,28.0,28.85,0.25,23.0
2020-04-23,1817,31000.0,905350.0,29.4,29.85,28.9,28.9,0.05,22.0
2020-04-24,1817,44448.0,1297624.0,29.4,29.4,29.0,29.1,0.2,31.0
2020-04-27,1817,92000.0,2659400.0,29.0,29.15,28.8,29.0,-0.1,67.0
2020-04-28,1817,73000.0,2108050.0,28.8,29.1,28.8,29.05,0.05,50.0
2020-04-29,1817,72000.0,2099300.0,29.2,29.25,29.1,29.1,0.05,47.0
2020-04-30,1817,142400.0,4181670.0,29.25,29.5,29.25,29.4,0.3,109.0
2020-05-04,1817,103000.0,2988750.0,29.0,29.1,28.95,29.05,-0.35,75.0
2020-05-05,1817,114668.0,3323073.0,29.0,29.15,28.85,29.15,0.1,77.0
2020-05-06,1817,87200.0,2539730.0,29.3,29.3,29.0,29.1,-0.05,59.0
2020-05-07,1817,68067.0,2000089.0,29.2,29.6,29.2,29.45,0.35,49.0
2020-05-08,1817,83000.0,2455900.0,29.5,29.65,29.5,29.6,0.15,42.0
2020-05-11,1817,74200.0,2220630.0,30.0,30.05,29.7,30.05,0.45,60.0
2020-05-12,1817,54180.0,1611223.0,30.05,30.05,29.5,29.7,-0.35,42.0
2020-05-13,1817,72700.0,2136300.0,29.65,29.65,29.2,29.65,-0.05,62.0
2020-05-14,1817,69432.0,2045464.0,29.6,29.7,29.35,29.35,-0.3,52.0
2020-05-15,1817,157150.0,4584325.0,29.35,29.65,29.0,29.4,0.05,71.0
2020-05-18,1817,53301.0,1580830.0,29.4,29.85,29.4,29.8,0.4,35.0
2020-05-19,1817,208225.0,6291557.0,29.8,30.6,29.7,30.4,0.6,121.0
2020-05-20,1817,204700.0,6191945.0,30.4,30.5,29.8,30.35,-0.05,74.0
2020-05-21,1817,351515.0,10595754.0,30.45,30.5,29.95,30.3,-0.05,192.0
2020-05-22,1817,94000.0,2818300.0,30.1,30.1,29.9,30.1,-0.2,56.0
2020-05-25,1817,58000.0,1733350.0,29.8,30.2,29.75,30.2,0.1,35.0
2020-05-26,1817,71132.0,2144399.0,30.2,30.25,30.0,30.2,0.0,56.0
2020-05-27,1817,42232.0,1269591.0,30.2,30.3,29.95,30.1,-0.1,34.0
2020-05-28,1817,54000.0,1630150.0,30.1,30.3,30.0,30.0,-0.1,35.0
2020-05-29,1817,20000.0,601400.0,29.95,30.15,29.95,30.05,0.05,17.0
2020-06-01,1817,45050.0,1359964.0,30.3,30.35,30.0,30.1,0.05,38.0
2020-06-02,1817,77200.0,2340070.0,30.25,30.4,30.1,30.4,0.3,51.0
2020-06-03,1817,91793.0,2846933.0,30.4,31.25,30.4,31.15,0.75,80.0
2020-06-04,1817,74201.0,2324111.0,31.7,31.7,31.2,31.35,0.2,52.0
2020-06-05,1817,104300.0,3288584.0,31.35,31.75,31.3,31.7,0.35,74.0
2020-06-08,1817,165200.0,5258800.0,31.75,32.8,31.35,31.95,0.25,102.0
2020-06-09,1817,93082.0,2966282.0,32.0,32.35,31.55,31.8,-0.15,64.0
2020-06-10,1817,50594.0,1614577.0,31.7,32.3,31.7,31.9,0.1,41.0
2020-06-11,1817,87166.0,2754795.0,31.9,31.9,31.3,31.3,-0.6,72.0
2020-06-12,1817,66000.0,2017450.0,30.1,31.2,29.8,31.2,-0.1,54.0
2020-06-15,1817,33220.0,1032086.0,31.2,31.2,31.0,31.0,-0.2,31.0
2020-06-16,1817,34031.0,1061173.0,31.05,31.4,31.0,31.35,0.35,29.0
2020-06-17,1817,38000.0,1197450.0,31.35,31.65,31.35,31.65,0.3,28.0
2020-06-18,1817,59235.0,1883920.0,31.65,32.0,31.65,32.0,0.35,45.0
2020-06-19,1817,58000.0,1851150.0,32.0,32.4,31.5,31.7,-0.3,43.0
2020-06-22,1817,30000.0,955800.0,31.7,31.95,31.7,31.9,0.2,28.0
2020-06-23,1817,37000.0,1176150.0,31.9,31.9,31.65,31.8,-0.1,31.0
2020-06-24,1817,55014.0,1751153.0,31.8,31.9,31.7,31.9,0.1,23.0
2020-06-29,1817,89000.0,2820500.0,31.6,31.9,31.55,31.9,0.0,58.0
2020-06-30,1817,196218.0,6387544.0,31.8,34.0,31.8,34.0,2.1,107.0
2020-07-01,1817,167400.0,5258759.0,31.3,31.8,31.3,31.6,0.0,82.0
2020-07-02,1817,48700.0,1530245.0,31.6,31.6,31.3,31.35,-0.25,37.0
2020-07-03,1817,145000.0,4505500.0,31.3,31.5,30.85,30.95,-0.4,104.0
2020-07-06,1817,94089.0,2908794.0,30.95,31.15,30.8,30.9,-0.05,69.0
2020-07-07,1817,99000.0,3028600.0,30.9,30.9,30.35,30.6,-0.3,79.0
2020-07-08,1817,59000.0,1795150.0,30.6,30.6,30.3,30.5,-0.1,49.0
2020-07-09,1817,88065.0,2701015.0,30.6,31.0,30.55,30.8,0.3,53.0
2020-07-10,1817,111000.0,3372900.0,30.8,30.8,30.3,30.55,-0.25,75.0
2020-07-13,1817,70000.0,2130050.0,30.55,30.6,30.25,30.5,-0.05,53.0
2020-07-14,1817,40999.0,1249569.0,30.5,30.8,30.4,30.55,0.05,28.0
2020-07-15,1817,151125.0,4553425.0,30.5,30.5,30.0,30.25,-0.3,94.0
2020-07-16,1817,132000.0,3965800.0,30.1,30.2,30.0,30.2,-0.05,87.0
2020-07-17,1817,60100.0,1802630.0,30.2,30.2,29.9,30.15,-0.05,46.0
2020-07-20,1817,26000.0,780750.0,30.0,30.15,29.95,30.15,0.0,22.0
2020-07-21,1817,146000.0,4375350.0,30.05,30.2,29.85,30.0,-0.15,86.0
2020-07-22,1817,115950.0,3474142.0,30.15,30.2,29.85,30.15,0.15,55.0
2020-07-23,1817,93088.0,2795061.0,30.1,30.2,29.95,30.05,-0.1,49.0
2020-07-24,1817,127100.0,3798980.0,30.05,30.05,29.8,30.05,0.0,78.0
2020-07-27,1817,68200.0,2019740.0,30.0,30.0,29.5,29.5,-0.55,54.0
2020-07-28,1817,70000.0,2050300.0,29.5,29.5,29.05,29.25,-0.25,47.0
2020-07-29,1817,29000.0,849150.0,29.25,29.35,29.25,29.3,0.05,24.0
2020-07-30,1817,36203.0,1064349.0,29.5,29.5,29.3,29.3,0.0,34.0
2020-07-31,1817,19748.0,579177.0,29.65,29.65,29.15,29.55,0.25,15.0
2020-08-03,1817,52402.0,1532399.0,29.55,29.55,29.1,29.25,-0.3,42.0
2020-08-04,1817,31500.0,933550.0,29.35,29.9,29.35,29.75,0.5,28.0
2020-08-05,1817,20000.0,596600.0,29.75,29.95,29.75,29.95,0.2,13.0
2020-08-06,1817,155130.0,4705541.0,31.0,31.0,30.0,30.25,0.3,98.0
2020-08-07,1817,38650.0,1173270.0,30.25,30.5,30.25,30.25,0.0,29.0
2020-08-10,1817,88000.0,2678000.0,30.25,30.6,30.25,30.45,0.2,59.0
2020-08-11,1817,88000.0,2684650.0,30.6,30.6,30.4,30.45,0.0,40.0
2020-08-12,1817,60001.0,1812131.0,30.5,30.5,30.05,30.2,-0.25,45.0
2020-08-13,1817,28150.0,849627.0,30.35,30.35,30.1,30.1,-0.1,23.0
2020-08-14,1817,37150.0,1117732.0,30.15,30.15,30.05,30.1,0.0,29.0
2020-08-17,1817,89000.0,2705450.0,30.1,30.5,30.1,30.35,0.25,59.0
2020-08-18,1817,58050.0,1760350.0,30.35,30.4,30.25,30.4,0.05,41.0
2020-08-19,1817,174200.0,5384500.0,30.5,31.35,30.5,30.8,0.4,130.0
2020-08-20,1817,178165.0,5372466.0,30.95,30.95,29.9,30.3,-0.5,115.0
2020-08-21,1817,65110.0,1981699.0,30.3,30.6,30.3,30.6,0.3,54.0
2020-08-24,1817,53043.0,1624817.0,30.75,30.75,30.5,30.55,-0.05,38.0
2020-08-25,1817,561200.0,16865380.0,30.3,30.55,30.3,30.55,0.0,44.0
2020-08-26,1817,28000.0,855800.0,30.6,30.6,30.55,30.55,0.0,25.0
2020-08-27,1817,55600.0,1689170.0,30.5,30.5,30.3,30.4,-0.15,44.0
2020-08-28,1817,43900.0,1335750.0,30.4,30.5,30.4,30.5,0.1,29.0
2020-08-31,1817,50000.0,1528950.0,30.5,30.8,30.5,30.65,0.15,37.0
2020-09-01,1817,75150.0,2297235.0,30.65,30.7,30.5,30.65,0.0,50.0
2020-09-02,1817,41200.0,1264990.0,30.7,30.75,30.65,30.75,0.1,30.0
2020-09-03,1817,122140.0,3787618.0,31.0,31.15,30.9,31.15,0.4,74.0
2020-09-04,1817,93204.0,2888725.0,31.1,31.2,30.85,31.2,0.05,58.0
2020-09-07,1817,103244.0,3245722.0,31.5,31.5,31.35,31.45,0.25,76.0
2020-09-08,1817,35250.0,1097387.0,31.15,31.3,31.0,31.1,-0.35,28.0
2020-09-09,1817,131844.0,4142320.0,31.1,31.65,30.85,31.55,0.45,76.0
2020-09-10,1817,107300.0,3404329.0,31.6,31.8,31.6,31.6,0.05,73.0
2020-09-11,1817,68306.0,2134139.0,31.15,31.55,31.1,31.15,-0.45,50.0
2020-09-14,1817,37013.0,1149557.0,31.2,31.2,31.0,31.15,0.0,27.0
2020-09-15,1817,30000.0,932550.0,31.15,31.3,31.0,31.05,-0.1,23.0
2020-09-16,1817,77988.0,2409878.0,31.05,31.2,30.75,30.75,-0.3,66.0
2020-09-17,1817,54000.0,1658700.0,30.7,30.85,30.65,30.65,-0.1,45.0
2020-09-18,1817,86325.0,2669025.0,30.9,31.0,30.7,30.75,0.1,52.0
2020-09-21,1817,108000.0,3326750.0,30.9,30.9,30.7,30.8,0.05,65.0
2020-09-22,1817,36025.0,1101476.0,30.7,30.7,30.45,30.65,-0.15,31.0
2020-09-23,1817,78200.0,2394950.0,30.6,30.7,30.5,30.65,0.0,55.0
2020-09-24,1817,109195.0,3308127.0,30.4,30.45,30.2,30.2,-0.45,78.0
2020-09-25,1817,57000.0,1719800.0,30.2,30.2,30.1,30.1,-0.1,37.0
2020-09-28,1817,52000.0,1581050.0,30.1,30.75,30.1,30.4,0.3,37.0
2020-09-29,1817,17000.0,518550.0,30.5,30.55,30.45,30.55,0.15,15.0
2020-09-30,1817,17100.0,525750.0,30.6,30.9,30.6,30.75,0.2,16.0
2020-10-05,1817,30000.0,921650.0,30.75,30.8,30.65,30.8,0.05,18.0
2020-10-06,1817,66096.0,2044430.0,30.9,31.0,30.8,31.0,0.2,46.0
2020-10-07,1817,42000.0,1293200.0,31.0,31.0,30.55,30.9,-0.1,33.0
2020-10-08,1817,30140.0,929926.0,31.0,31.0,30.75,30.9,0.0,25.0
2020-10-12,1817,189758.0,5782265.0,30.9,31.0,30.0,30.25,-0.65,125.0
2020-10-13,1817,29000.0,882900.0,30.55,30.55,30.35,30.35,0.1,24.0
2020-10-14,1817,37000.0,1122800.0,30.3,30.4,30.25,30.4,0.05,22.0
2020-10-15,1817,35050.0,1068390.0,30.5,30.6,30.3,30.55,0.15,30.0
2020-10-16,1817,47000.0,1436300.0,30.45,30.65,30.45,30.6,0.05,34.0
2020-10-19,1817,29150.0,894662.0,30.7,30.8,30.5,30.5,-0.1,26.0
2020-10-20,1817,23162.0,707065.0,30.4,30.6,30.4,30.5,0.0,19.0
2020-10-21,1817,64020.0,1954113.0,30.5,30.7,30.4,30.4,-0.1,33.0
2020-10-22,1817,43000.0,1309950.0,30.5,30.6,30.35,30.5,0.1,23.0
2020-10-23,1817,27350.0,835295.0,30.5,30.65,30.4,30.6,0.1,22.0
2020-10-26,1817,51280.0,1567888.0,30.5,30.75,30.5,30.55,-0.05,40.0
2020-10-27,1817,45100.0,1375180.0,30.55,30.6,30.4,30.5,-0.05,39.0
2020-10-28,1817,26000.0,793550.0,30.6,30.6,30.5,30.5,0.0,13.0
2020-10-29,1817,27000.0,818300.0,30.4,30.4,30.25,30.25,-0.25,23.0
2020-10-30,1817,34000.0,1029800.0,30.25,30.4,30.2,30.25,0.0,28.0
2020-11-02,1817,12000.0,363800.0,30.3,30.4,30.25,30.3,0.05,10.0
2020-11-03,1817,24160.0,736780.0,30.4,30.55,30.4,30.5,0.2,18.0
2020-11-04,1817,40430.0,1231944.0,30.5,30.6,30.4,30.5,0.0,24.0
2020-11-05,1817,585664.0,18923067.0,33.1,33.1,32.0,32.05,1.55,398.0
2020-11-06,1817,204894.0,6561953.0,32.05,32.4,31.9,31.9,-0.15,131.0
2020-11-09,1817,231544.0,7493270.0,32.15,32.55,32.05,32.45,0.55,145.0
2020-11-10,1817,347623.0,11478474.0,32.5,33.5,32.3,33.3,0.85,234.0
2020-11-11,1817,301849.0,9822372.0,32.9,32.9,32.35,32.45,-0.85,187.0
2020-11-12,1817,56192.0,1809538.0,32.1,32.45,32.1,32.2,-0.25,46.0
2020-11-13,1817,193001.0,6153184.0,31.3,32.65,31.3,32.3,0.1,110.0
2020-11-16,1817,92000.0,3003500.0,32.8,33.0,32.3,32.45,0.15,67.0
2020-11-17,1817,119235.0,3867714.0,32.45,32.5,32.35,32.5,0.05,67.0
2020-11-18,1817,98008.0,3191510.0,32.5,32.65,32.5,32.65,0.15,64.0
2020-11-19,1817,56350.0,1826030.0,32.5,32.5,32.3,32.5,-0.15,32.0
2020-11-20,1817,79401.0,2584123.0,32.5,32.75,32.35,32.5,0.0,49.0
2020-11-23,1817,113064.0,3710062.0,32.7,33.0,32.6,32.6,0.1,68.0
2020-11-24,1817,118330.0,3891029.0,32.6,33.1,32.6,32.7,0.1,84.0
2020-11-25,1817,80253.0,2629315.0,32.7,32.9,32.7,32.85,0.15,62.0
2020-11-26,1817,146859.0,4830402.0,32.9,33.05,32.8,32.85,0.0,99.0
2020-11-27,1817,95000.0,3115000.0,32.85,32.9,32.7,32.8,-0.05,68.0
2020-11-30,1817,202070.0,6659311.0,32.8,33.15,32.8,33.0,0.2,135.0
2020-12-01,1817,137000.0,4519650.0,33.25,33.25,32.85,32.95,-0.05,77.0
2020-12-02,1817,100080.0,3299890.0,32.9,33.1,32.9,33.05,0.1,54.0
2020-12-03,1817,159240.0,5299360.0,33.05,33.4,33.05,33.35,0.3,87.0
2020-12-04,1817,147460.0,4902158.0,33.3,33.3,33.2,33.25,-0.1,104.0
2020-12-07,1817,168650.0,5609200.0,33.3,33.3,33.15,33.25,0.0,99.0
2020-12-08,1817,86081.0,2849793.0,33.25,33.25,33.05,33.05,-0.2,68.0
2020-12-09,1817,113230.0,3727219.0,33.05,33.05,32.8,32.85,-0.2,81.0
2020-12-10,1817,380301.0,12137366.0,32.0,32.1,31.8,31.9,-0.95,263.0
2020-12-11,1817,110097.0,3509149.0,32.1,32.1,31.8,31.8,-0.1,71.0
2020-12-14,1817,68190.0,2173798.0,32.0,32.1,31.6,32.0,0.2,42.0
2020-12-15,1817,110345.0,3540859.0,32.1,32.2,32.0,32.1,0.1,47.0
2020-12-16,1817,144490.0,4701699.0,32.2,33.0,32.2,32.7,0.6,95.0
2020-12-17,1817,69000.0,2252600.0,32.7,32.8,32.45,32.8,0.1,36.0
2020-12-18,1817,229700.0,7600318.0,32.9,33.4,32.75,33.0,0.2,124.0
2020-12-21,1817,517119.0,17494082.0,33.4,34.2,33.25,33.85,0.85,293.0
2020-12-22,1817,330926.0,11298325.0,33.8,34.65,33.5,33.9,0.05,206.0
2020-12-23,1817,177182.0,6034488.0,34.0,34.2,33.95,34.0,0.1,89.0
2020-12-24,1817,164053.0,5577322.0,34.1,34.3,33.8,34.3,0.3,65.0
2020-12-25,1817,121144.0,4148493.0,34.35,34.35,34.05,34.15,-0.15,71.0
2020-12-28,1817,269000.0,9331300.0,34.2,35.0,34.15,34.85,0.7,141.0
2020-12-29,1817,201512.0,7054714.0,34.85,35.2,34.7,34.8,-0.05,134.0
2020-12-30,1817,113021.0,3906929.0,34.7,34.8,34.3,34.3,-0.5,65.0
2020-12-31,1817,63000.0,2167950.0,34.25,34.65,34.15,34.3,0.0,38.0
2021-01-04,1817,77040.0,2667634.0,34.5,34.8,34.5,34.65,0.35,52.0
2021-01-05,1817,54300.0,1880560.0,34.6,34.8,34.5,34.65,0.0,38.0
2021-01-06,1817,127064.0,4307661.0,34.65,34.65,33.6,33.65,-1.0,95.0
2021-01-07,1817,68152.0,2290118.0,34.0,34.0,33.45,33.55,-0.1,54.0
2021-01-08,1817,125051.0,4163785.0,33.55,33.6,33.0,33.3,-0.25,80.0
2021-01-11,1817,151229.0,5033857.0,33.3,33.5,33.0,33.5,0.2,72.0
2021-01-12,1817,143000.0,4748400.0,33.3,33.9,32.9,32.9,-0.6,98.0
2021-01-13,1817,229735.0,7676802.0,33.35,33.6,33.05,33.15,0.25,146.0
2021-01-14,1817,161004.0,5395733.0,33.2,33.75,33.1,33.55,0.4,106.0
2021-01-15,1817,153098.0,5106927.0,33.45,33.7,33.05,33.15,-0.4,78.0
2021-01-18,1817,66398.0,2175096.0,33.15,33.15,32.55,32.75,-0.4,60.0
2021-01-19,1817,28000.0,921500.0,32.75,33.1,32.75,32.75,0.0,22.0
2021-01-20,1817,126675.0,4080703.0,32.7,32.7,32.0,32.1,-0.65,98.0
2021-01-21,1817,28002.0,902864.0,32.0,32.45,32.0,32.4,0.3,27.0
2021-01-22,1817,50000.0,1607200.0,32.4,32.4,32.0,32.15,-0.25,45.0
2021-01-25,1817,53029.0,1691936.0,32.0,32.0,31.8,31.95,-0.2,44.0
2021-01-26,1817,42196.0,1352220.0,31.9,32.2,31.9,31.95,0.0,33.0
2021-01-27,1817,41404.0,1330180.0,32.1,32.45,31.95,32.25,0.3,21.0
2021-01-28,1817,35300.0,1129240.0,32.25,32.25,31.8,31.95,-0.3,33.0
2021-01-29,1817,84000.0,2682850.0,32.0,32.0,31.9,31.9,-0.05,52.0
2021-02-01,1817,50009.0,1597784.0,31.9,32.0,31.8,32.0,0.1,27.0
2021-02-02,1817,45147.0,1460716.0,32.05,32.65,32.05,32.05,0.05,39.0
2021-02-03,1817,43000.0,1388550.0,32.0,32.5,32.0,32.5,0.45,20.0
2021-02-04,1817,22000.0,713300.0,32.35,32.5,32.3,32.4,-0.1,17.0
2021-02-05,1817,19000.0,614450.0,32.4,32.45,32.25,32.35,-0.05,12.0
2021-02-17,1817,74050.0,2423075.0,32.45,33.0,32.45,32.65,0.3,49.0
2021-02-18,1817,91060.0,3001107.0,32.65,33.1,32.65,33.0,0.35,51.0
2021-02-19,1817,93645.0,3120860.0,33.0,33.5,32.85,33.35,0.35,49.0
2021-02-22,1817,203302.0,6819162.0,33.35,33.8,33.2,33.65,0.3,85.0
2021-02-23,1817,245000.0,8433050.0,33.65,34.7,33.55,34.45,0.8,134.0
2021-02-24,1817,214336.0,7449176.0,34.45,35.1,34.3,34.65,0.2,129.0
2021-02-25,1817,149736.0,5119796.0,34.9,34.9,34.0,34.15,-0.5,80.0
2021-02-26,1817,303790.0,10538847.0,34.5,35.1,34.15,34.8,0.65,161.0
2021-03-02,1817,231000.0,8061550.0,34.9,35.2,34.15,35.1,0.3,128.0
2021-03-03,1817,219000.0,7642300.0,34.9,35.1,34.5,34.85,-0.25,88.0
2021-03-04,1817,112262.0,3901514.0,34.85,35.05,34.5,34.8,-0.05,65.0
2021-03-05,1817,191140.0,6636572.0,34.6,35.05,34.3,34.85,0.05,94.0
2021-03-08,1817,151742.0,5323707.0,35.4,35.45,34.85,35.4,0.55,100.0
2021-03-09,1817,76202.0,2662603.0,35.3,35.3,34.75,34.9,-0.5,65.0
2021-03-10,1817,131351.0,4578622.0,35.0,35.05,34.7,35.0,0.1,100.0
2021-03-11,1817,97742.0,3408429.0,35.0,35.0,34.8,34.8,-0.2,87.0
2021-03-12,1817,72000.0,2507350.0,34.85,34.9,34.8,34.85,0.05,47.0
2021-03-15,1817,157323.0,5505045.0,34.85,35.1,34.85,34.95,0.1,100.0
2021-03-16,1817,95406.0,3337743.0,35.0,35.1,34.8,35.1,0.15,69.0
2021-03-17,1817,64916.0,2279480.0,35.1,35.2,35.05,35.1,0.0,61.0
2021-03-18,1817,138174.0,4848837.0,35.15,35.2,35.0,35.05,-0.05,97.0
2021-03-19,1817,125001.0,4372386.0,35.05,35.05,34.9,35.05,0.0,90.0
2021-03-22,1817,95750.0,3352304.0,35.05,35.1,34.95,35.05,0.0,72.0
2021-03-23,1817,84000.0,2937200.0,35.05,35.1,34.9,34.9,-0.15,55.0
2021-03-24,1817,167040.0,5872621.0,34.9,35.25,34.9,35.15,0.25,95.0
2021-03-25,1817,82100.0,2885807.0,35.1,35.2,35.05,35.15,0.0,62.0
2021-03-26,1817,68223.0,2397515.0,35.05,35.2,35.0,35.2,0.05,50.0
2021-03-29,1817,97513.0,3430755.0,35.15,35.25,35.1,35.1,-0.1,83.0
2021-03-30,1817,214703.0,7594580.0,35.2,35.55,35.2,35.5,0.4,125.0
2021-03-31,1817,106715.0,3787032.0,35.5,35.7,35.35,35.4,-0.1,72.0
2021-04-01,1817,110005.0,3885378.0,35.5,35.5,35.2,35.35,-0.05,66.0
2021-04-06,1817,162708.0,5791776.0,35.55,35.7,35.45,35.65,0.3,129.0
2021-04-07,1817,177320.0,6320013.0,35.8,35.9,35.4,35.55,-0.1,112.0
2021-04-08,1817,120100.0,4285075.0,35.6,35.8,35.6,35.75,0.2,77.0
2021-04-09,1817,114463.0,4104387.0,35.8,35.95,35.75,35.9,0.15,87.0
2021-04-12,1817,163937.0,5937119.0,35.7,36.8,35.7,36.45,0.55,136.0
2021-04-13,1817,118685.0,4311613.0,36.4,36.6,36.2,36.25,-0.2,100.0
2021-04-14,1817,198820.0,7122663.0,36.25,36.25,35.45,35.75,-0.5,144.0
2021-04-15,1817,92246.0,3320388.0,35.75,36.25,35.75,36.15,0.4,68.0
2021-04-16,1817,273293.0,9998623.0,36.4,37.0,36.25,36.9,0.75,181.0
2021-04-19,1817,534183.0,20223572.0,36.9,38.4,36.9,38.05,1.15,346.0
2021-04-20,1817,709581.0,27163885.0,38.5,38.65,37.5,38.4,0.35,318.0
2021-04-21,1817,266394.0,10223317.0,38.25,38.8,37.8,38.8,0.4,172.0
2021-04-22,1817,514399.0,19810146.0,38.9,39.0,37.5,37.7,-1.1,364.0
2021-04-23,1817,370237.0,14135706.0,37.6,38.6,37.6,38.4,0.7,264.0
2021-04-26,1817,404409.0,15606968.0,38.7,38.8,38.25,38.7,0.3,241.0
2021-04-27,1817,222396.0,8592977.0,38.7,38.75,38.4,38.75,0.05,129.0
2021-04-28,1817,1855949.0,74261726.0,38.65,41.05,38.6,39.5,0.75,1191.0
2021-04-29,1817,749237.0,29862401.0,39.6,40.75,39.2,39.25,-0.25,521.0
2021-05-03,1817,537321.0,20649097.0,39.3,39.3,38.1,38.15,-1.1,351.0
2021-05-04,1817,489541.0,18312788.0,38.9,38.9,36.1,37.15,-1.0,382.0
2021-05-05,1817,194175.0,7293541.0,37.15,38.0,36.7,37.8,0.65,144.0
2021-05-06,1817,471683.0,17985194.0,37.4,39.0,37.4,37.6,-0.2,276.0
2021-05-07,1817,115089.0,4374943.0,37.9,38.45,37.7,38.2,0.6,105.0
2021-05-10,1817,175631.0,6731459.0,38.5,38.5,38.0,38.3,0.1,166.0
2021-05-11,1817,267577.0,10120999.0,38.1,38.4,37.15,37.2,-1.1,208.0
2021-05-12,1817,444446.0,16019634.0,37.2,37.2,35.2,35.65,-1.55,297.0
2021-05-13,1817,156120.0,5491857.0,35.1,35.8,34.4,35.5,-0.15,131.0
2021-05-14,1817,166000.0,5907800.0,35.5,36.4,35.0,35.5,0.0,129.0
2021-05-17,1817,330588.0,11282424.0,34.05,35.3,33.6,33.7,-1.8,245.0
2021-05-18,1817,90612.0,3149332.0,33.7,35.4,33.7,35.25,1.55,84.0
2021-05-19,1817,68000.0,2388550.0,35.2,35.5,34.85,35.3,0.05,50.0
2021-05-20,1817,63100.0,2216980.0,35.8,35.85,34.85,35.2,-0.1,36.0
2021-05-21,1817,70226.0,2472987.0,35.1,35.4,35.0,35.25,0.05,56.0
2021-05-24,1817,67651.0,2390162.0,35.25,35.5,35.2,35.5,0.25,47.0
2021-05-25,1817,115030.0,4090215.0,35.7,35.7,35.3,35.45,-0.05,67.0
2021-05-26,1817,78001.0,2777685.0,35.65,35.8,35.35,35.8,0.35,34.0
2021-05-27,1817,61135.0,2166610.0,35.65,35.8,35.25,35.4,-0.4,39.0
2021-05-28,1817,176697.0,6332054.0,35.8,36.05,35.5,35.6,0.2,124.0
2021-05-31,1817,513975.0,18578133.0,35.8,36.5,35.8,36.3,0.7,141.0
2021-06-01,1817,26100.0,950180.0,37.2,37.2,36.2,36.4,0.1,25.0
2021-06-02,1817,67760.0,2472473.0,36.45,36.75,36.2,36.75,0.35,59.0
2021-06-03,1817,117262.0,4329516.0,36.85,37.15,36.5,37.05,0.3,67.0
2021-06-04,1817,71400.0,2634580.0,36.8,37.05,36.6,37.0,-0.05,43.0
2021-06-07,1817,58210.0,2153852.0,36.95,37.3,36.7,37.0,0.0,46.0
2021-06-08,1817,50121.0,1846132.0,37.05,37.15,36.3,36.45,-0.55,36.0
2021-06-09,1817,352898.0,13282519.0,36.8,38.0,36.8,37.5,1.05,187.0
2021-06-10,1817,349367.0,13269050.0,36.6,38.2,36.6,37.6,0.1,194.0
2021-06-11,1817,79250.0,3010418.0,38.5,38.5,37.6,37.9,0.3,60.0
2021-06-15,1817,84401.0,3188737.0,37.9,38.05,37.5,38.0,0.1,72.0
2021-06-16,1817,111260.0,4215073.0,38.0,38.0,37.5,37.9,-0.1,75.0
2021-06-17,1817,159253.0,6049003.0,38.15,38.15,37.15,38.0,0.1,67.0
2021-06-18,1817,72243.0,2709991.0,37.55,37.6,37.4,37.45,-0.55,58.0
2021-06-21,1817,67128.0,2518441.0,37.1,37.7,37.1,37.65,0.2,39.0
2021-06-22,1817,203447.0,7751822.0,37.8,38.25,37.8,38.05,0.4,110.0
2021-06-23,1817,34353.0,1299069.0,38.1,38.15,37.5,38.15,0.1,31.0
2021-06-24,1817,74396.0,2827702.0,38.15,38.15,37.8,38.15,0.0,42.0
2021-06-25,1817,73168.0,2794199.0,38.3,38.35,38.1,38.15,0.0,75.0
2021-06-28,1817,73340.0,2806858.0,38.45,38.45,38.2,38.2,0.05,72.0
2021-06-29,1817,91145.0,3489577.0,38.5,38.5,38.15,38.25,0.05,58.0
2021-06-30,1817,1688674.0,67938141.0,38.25,42.05,38.25,38.5,0.25,1289.0
2021-07-01,1817,775674.0,30886253.0,39.9,40.25,39.2,39.35,0.85,605.0
2021-07-02,1817,240077.0,9411062.0,39.5,39.85,38.8,38.8,-0.55,209.0
2021-07-05,1817,187910.0,7277534.0,39.0,39.0,38.5,38.6,-0.2,155.0
2021-07-06,1817,518275.0,20540384.0,38.6,41.3,38.4,39.2,0.6,419.0
2021-07-07,1817,165000.0,6479698.0,39.2,39.6,38.85,39.15,-0.05,128.0
2021-07-08,1817,141315.0,5572794.0,39.5,39.85,39.15,39.35,0.2,112.0
2021-07-09,1817,125909.0,4964589.0,39.4,39.55,39.25,39.45,0.1,100.0
2021-07-12,1817,177109.0,6939200.0,39.35,39.5,38.9,38.95,-0.5,140.0
2021-07-13,1817,196277.0,7605831.0,39.0,39.1,38.5,38.5,-0.45,142.0
2021-07-14,1817,170649.0,6553435.0,38.4,38.6,38.05,38.35,-0.15,102.0
2021-07-15,1817,122450.0,4726280.0,38.4,38.8,38.4,38.75,0.4,82.0
2021-07-16,1817,138735.0,5391744.0,38.75,39.1,38.6,38.7,-0.05,104.0
2021-07-19,1817,74498.0,2887429.0,39.05,39.05,38.5,38.9,0.2,61.0
2021-07-20,1817,60346.0,2318249.0,38.85,38.85,38.3,38.35,-0.55,59.0
2021-07-21,1817,153561.0,5834492.0,38.4,38.5,37.7,37.8,-0.55,139.0
2021-07-22,1817,30132.0,1146906.0,37.9,38.3,37.9,38.0,0.2,33.0
2021-07-23,1817,118129.0,4530242.0,38.0,38.65,38.0,38.1,0.1,68.0
2021-07-26,1817,84190.0,3202011.0,38.1,38.35,37.95,37.95,-0.15,54.0
2021-07-27,1817,73557.0,2799254.0,38.0,38.45,37.95,37.95,0.0,69.0
2021-07-28,1817,65362.0,2473811.0,38.0,38.05,37.7,37.95,0.0,55.0
2021-07-29,1817,40029.0,1521914.0,37.65,38.45,37.65,38.0,0.05,31.0
2021-07-30,1817,106041.0,4030178.0,38.0,38.2,37.95,38.0,0.0,49.0
2021-08-02,1817,69673.0,2643709.0,37.95,38.05,37.85,38.0,0.0,61.0
2021-08-03,1817,63300.0,2401400.0,37.95,38.0,37.9,37.95,-0.05,40.0
2021-08-04,1817,100663.0,3813037.0,37.85,37.95,37.8,37.85,-0.1,78.0
2021-08-05,1817,35117.0,1330242.0,38.1,38.15,37.8,37.85,0.0,33.0
2021-08-06,1817,55576.0,2103252.0,37.85,38.0,37.75,37.9,0.05,52.0
2021-08-09,1817,68672.0,2619716.0,38.1,38.25,38.05,38.1,0.2,72.0
2021-08-10,1817,64100.0,2419034.0,38.1,38.1,37.65,37.8,-0.3,59.0
2021-08-11,1817,101300.0,3837040.0,38.1,38.1,37.75,37.75,-0.05,74.0
2021-08-12,1817,35445.0,1333101.0,37.55,37.7,37.55,37.7,-0.05,28.0
2021-08-13,1817,81222.0,3045362.0,37.7,37.75,37.4,37.45,-0.25,58.0
2021-08-16,1817,102663.0,3805380.0,37.45,37.45,36.85,37.0,-0.45,109.0
2021-08-17,1817,101500.0,3758179.0,37.0,37.15,37.0,37.0,0.0,51.0
2021-08-18,1817,58087.0,2152233.0,37.0,37.2,36.95,37.2,0.2,50.0
2021-08-19,1817,115479.0,4279211.0,37.0,37.2,37.0,37.0,-0.2,95.0
2021-08-20,1817,112350.0,4166174.0,37.0,37.25,36.85,37.25,0.25,83.0
2021-08-23,1817,67421.0,2405017.0,36.0,36.0,35.35,35.85,0.0,71.0
2021-08-24,1817,42782.0,1533972.0,35.85,35.9,35.8,35.9,0.05,45.0
2021-08-25,1817,60221.0,2206752.0,37.7,37.7,36.2,36.3,0.4,66.0
2021-08-26,1817,10535.0,381960.0,36.2,36.3,36.15,36.25,-0.05,19.0
2021-08-27,1817,35162.0,1274474.0,36.3,36.3,36.05,36.05,-0.2,43.0
2021-08-30,1817,57759.0,2074217.0,36.05,36.05,35.7,35.8,-0.25,63.0
2021-08-31,1817,67460.0,2417828.0,36.3,36.3,35.75,35.75,-0.05,49.0
2021-09-01,1817,36597.0,1316889.0,35.75,36.0,35.75,35.9,0.15,28.0
2021-09-02,1817,17226.0,619052.0,35.9,36.05,35.85,35.9,0.0,19.0
2021-09-03,1817,58860.0,2112153.0,36.1,36.1,35.8,36.0,0.1,46.0
2021-09-06,1817,30893.0,1103724.0,35.8,35.8,35.6,35.65,-0.35,47.0
2021-09-07,1817,56355.0,1988141.0,35.35,35.4,35.15,35.15,-0.5,73.0
2021-09-08,1817,92323.0,3222069.0,35.0,35.0,34.75,34.75,-0.4,103.0
2021-09-09,1817,69210.0,2390549.0,34.7,34.95,34.25,34.8,0.05,63.0
2021-09-10,1817,50775.0,1763241.0,34.75,34.85,34.65,34.75,-0.05,51.0
2021-09-13,1817,32170.0,1121583.0,34.95,35.05,34.7,34.95,0.2,26.0
2021-09-14,1817,27243.0,954497.0,34.95,35.15,34.95,35.15,0.2,28.0
2021-09-15,1817,9605.0,337654.0,35.15,35.2,35.15,35.15,0.0,19.0
2021-09-16,1817,9226.0,324493.0,35.2,35.2,35.1,35.2,0.05,15.0
2021-09-17,1817,22137.0,775062.0,35.05,35.05,35.0,35.0,-0.2,26.0
2021-09-22,1817,41135.0,1435582.0,35.0,35.0,34.7,34.9,-0.1,42.0
2021-09-23,1817,11389.0,397716.0,34.9,35.0,34.9,34.9,0.0,22.0
2021-09-24,1817,43240.0,1516589.0,34.95,35.3,34.95,35.0,0.1,29.0
2021-09-27,1817,18628.0,657961.0,35.15,35.45,35.1,35.35,0.35,32.0
2021-09-28,1817,57909.0,2051478.0,35.5,35.55,35.2,35.45,0.1,42.0
2021-09-29,1817,36419.0,1281878.0,35.55,35.55,35.0,35.15,-0.3,55.0
2021-09-30,1817,6580.0,231824.0,35.4,35.4,35.1,35.1,-0.05,12.0
2021-10-01,1817,54247.0,1893405.0,35.15,35.15,34.8,34.8,-0.3,70.0
2021-10-04,1817,23581.0,823292.0,35.1,35.1,34.7,34.85,0.05,23.0
2021-10-05,1817,25278.0,879851.0,34.8,35.0,34.7,34.75,-0.1,24.0
2021-10-06,1817,31397.0,1092744.0,34.85,35.0,34.75,34.75,0.0,35.0
2021-10-07,1817,30253.0,1056191.0,34.8,35.0,34.75,34.9,0.15,27.0
2021-10-08,1817,15200.0,531364.0,35.1,35.1,34.85,35.0,0.1,15.0
2021-10-12,1817,40881.0,1427927.0,35.0,35.0,34.8,34.8,-0.2,36.0
2021-10-13,1817,28156.0,980072.0,34.8,34.95,34.7,34.95,0.15,23.0
2021-10-14,1817,29076.0,1013598.0,35.05,35.05,34.8,34.9,-0.05,22.0
2021-10-15,1817,19280.0,672744.0,35.0,35.0,34.85,34.9,0.0,26.0
2021-10-18,1817,41210.0,1440930.0,35.0,35.0,34.9,35.0,0.1,34.0
2021-10-19,1817,39511.0,1380382.0,35.0,35.0,34.7,34.95,-0.05,30.0
2021-10-20,1817,29324.0,1022567.0,34.9,34.95,34.8,34.9,-0.05,25.0
2021-10-21,1817,38000.0,1326500.0,34.9,35.0,34.8,34.95,0.05,25.0
2021-10-22,1817,35060.0,1224150.0,35.0,35.0,34.8,34.95,0.0,22.0
2021-10-25,1817,19000.0,663950.0,35.25,35.25,34.85,34.85,-0.1,14.0
2021-10-26,1817,58790.0,2052201.0,34.9,35.0,34.8,35.0,0.15,44.0
2021-10-27,1817,58014.0,2028391.0,34.85,35.05,34.85,34.95,-0.05,33.0
2021-10-28,1817,45000.0,1573400.0,34.8,35.05,34.8,34.95,0.0,31.0
2021-10-29,1817,8569.0,300286.0,34.95,34.95,34.8,34.9,-0.05,15.0
2021-11-01,1817,56213.0,1971853.0,35.0,35.3,35.0,35.3,0.4,44.0
2021-11-02,1817,27571.0,972541.0,35.3,35.45,35.1,35.15,-0.15,25.0
2021-11-03,1817,67317.0,2364789.0,35.25,35.25,35.0,35.15,0.0,37.0
2021-11-04,1817,25900.0,909948.0,35.05,35.2,35.05,35.15,0.0,28.0
2021-11-05,1817,121044.0,4277762.0,35.15,35.7,35.1,35.55,0.4,49.0
2021-11-08,1817,102532.0,3661860.0,35.4,35.9,35.15,35.85,0.3,65.0
2021-11-09,1817,44566.0,1598625.0,35.85,35.95,35.8,35.8,-0.05,41.0
2021-11-10,1817,76443.0,2756173.0,35.8,36.2,35.8,36.2,0.4,73.0
2021-11-11,1817,40987.0,1483447.0,36.2,36.4,36.0,36.25,0.05,42.0
2021-11-12,1817,42173.0,1525320.0,36.25,36.3,36.0,36.25,0.0,35.0
2021-11-15,1817,40082.0,1453034.0,36.25,36.3,36.2,36.3,0.05,33.0
2021-11-16,1817,48776.0,1776705.0,36.3,36.6,36.3,36.45,0.15,47.0
2021-11-17,1817,78030.0,2838033.0,36.3,36.6,36.3,36.6,0.15,51.0
2021-11-18,1817,36001.0,1308886.0,36.6,36.6,36.3,36.5,-0.1,20.0
2021-11-19,1817,880159.0,32128204.0,36.4,36.6,36.4,36.6,0.1,51.0
2021-11-22,1817,70473.0,2613364.0,37.45,37.55,36.9,37.0,0.4,46.0
2021-11-23,1817,26875.0,982699.0,36.6,36.7,36.3,36.3,-0.7,26.0
2021-11-24,1817,29342.0,1070595.0,36.3,36.6,36.3,36.6,0.3,22.0
2021-11-25,1817,470007.0,16483215.0,36.8,36.8,36.6,36.7,0.1,9.0
2021-11-26,1817,14030.0,513358.0,36.7,36.7,36.5,36.6,-0.1,14.0
2021-11-29,1817,76037.0,2768797.0,36.5,36.7,36.3,36.6,0.0,27.0
2021-11-30,1817,14382.0,525493.0,36.3,36.6,36.3,36.6,0.0,17.0
2021-12-01,1817,14050.0,512479.0,36.3,36.6,36.3,36.6,0.0,9.0
2021-12-02,1817,8221.0,299774.0,36.4,36.5,36.4,36.5,-0.1,11.0
2021-12-03,1817,26074.0,952244.0,36.45,36.6,36.45,36.5,0.0,23.0
2021-12-06,1817,24000.0,879550.0,36.75,36.75,36.55,36.6,0.1,14.0
2021-12-07,1817,15076.0,552724.0,37.0,37.0,36.6,36.65,0.05,13.0
2021-12-08,1817,55259.0,2037289.0,36.95,37.0,36.7,37.0,0.35,39.0
2021-12-09,1817,26025.0,963024.0,37.0,37.1,36.9,36.95,-0.05,35.0
2021-12-10,1817,41124.0,1520597.0,36.9,37.0,36.9,36.9,-0.05,33.0
2021-12-13,1817,38837.0,1426955.0,36.85,37.0,36.45,36.6,-0.3,35.0
2021-12-14,1817,48167.0,1774062.0,36.6,36.95,36.5,36.8,0.2,41.0
2021-12-15,1817,39122.0,1445630.0,36.95,37.05,36.8,36.95,0.15,28.0
2021-12-16,1817,20333.0,749624.0,37.05,37.05,36.6,37.0,0.05,25.0
2021-12-17,1817,53000.0,1956200.0,36.8,37.0,36.7,36.85,-0.15,26.0
2021-12-20,1817,13000.0,480650.0,36.85,37.0,36.85,37.0,0.15,10.0
2021-12-21,1817,21077.0,776566.0,37.0,37.0,36.8,36.9,-0.1,13.0
2021-12-22,1817,22100.0,815750.0,36.95,36.95,36.9,36.9,0.0,15.0
2021-12-23,1817,23425.0,865369.0,37.0,37.0,36.85,36.95,0.05,22.0
2021-12-24,1817,15811.0,582218.0,36.95,36.95,36.8,36.8,-0.15,26.0
2021-12-27,1817,79009.0,2921031.0,36.8,37.05,36.8,37.0,0.2,42.0
2021-12-28,1817,15350.0,566596.0,36.9,37.0,36.8,36.95,-0.05,21.0
2021-12-29,1817,63619.0,2350101.0,36.95,37.1,36.85,37.0,0.05,39.0
2021-12-30,1817,49203.0,1817911.0,36.8,37.05,36.8,36.9,-0.1,24.0
2022-01-03,1817,26000.0,960750.0,37.0,37.05,36.9,37.0,0.1,19.0
2022-01-04,1817,23055.0,852935.0,37.0,37.0,36.95,37.0,0.0,21.0
2022-01-05,1817,33061.0,1223267.0,37.0,37.0,36.95,37.0,0.0,23.0
2022-01-06,1817,23407.0,864609.0,36.8,37.0,36.8,37.0,0.0,21.0
2022-01-07,1817,31050.0,1146795.0,36.95,36.95,36.9,36.9,-0.1,26.0
2022-01-10,1817,63176.0,2334903.0,36.9,37.05,36.85,36.9,0.0,37.0
2022-01-11,1817,17599.0,649308.0,36.9,36.95,36.85,36.85,-0.05,24.0
2022-01-12,1817,13215.0,487204.0,36.85,36.9,36.85,36.9,0.05,14.0
2022-01-13,1817,11176.0,412579.0,37.0,37.0,36.85,36.9,0.0,15.0
2022-01-14,1817,16100.0,591589.0,36.8,36.85,36.7,36.8,-0.1,11.0
2022-01-17,1817,16540.0,608520.0,36.8,36.85,36.7,36.7,-0.1,21.0
2022-01-18,1817,21000.0,770150.0,36.7,36.7,36.6,36.6,-0.1,19.0
2022-01-19,1817,29051.0,1063171.0,36.6,36.65,36.5,36.55,-0.05,21.0
2022-01-20,1817,7605.0,277610.0,36.45,36.75,36.4,36.5,-0.05,18.0
2022-01-21,1817,22000.0,803450.0,36.5,36.75,36.45,36.5,0.0,14.0
2022-01-24,1817,38121.0,1388916.0,36.4,36.6,36.3,36.55,0.05,21.0
2022-01-25,1817,24054.0,878374.0,36.6,36.7,36.35,36.4,-0.15,27.0
2022-01-26,1817,17301.0,631534.0,36.4,36.55,36.4,36.5,0.1,18.0
2022-02-07,1817,32050.0,1171227.0,36.6,36.7,36.5,36.7,0.2,19.0
2022-02-08,1817,32571.0,1188804.0,36.5,36.6,36.45,36.6,-0.1,27.0
2022-02-09,1817,27430.0,1001659.0,36.6,36.6,36.45,36.6,0.0,25.0
2022-02-10,1817,21095.0,771384.0,36.55,36.6,36.55,36.6,0.0,18.0
2022-02-11,1817,55317.0,2022198.0,36.55,36.6,36.55,36.55,-0.05,43.0
2022-02-14,1817,50680.0,1831875.0,36.35,36.35,36.05,36.15,-0.4,48.0
2022-02-15,1817,23577.0,851621.0,36.15,36.15,36.1,36.1,-0.05,34.0
2022-02-16,1817,19211.0,694788.0,36.05,36.25,36.05,36.15,0.05,17.0
2022-02-17,1817,22350.0,809454.0,36.2,36.25,36.15,36.25,0.1,21.0
2022-02-18,1817,91645.0,3301398.0,36.25,36.25,35.95,36.05,-0.2,78.0
2022-02-21,1817,62495.0,2252617.0,36.05,36.1,36.0,36.05,0.0,43.0
2022-02-22,1817,36181.0,1301992.0,36.05,36.05,35.9,36.0,-0.05,28.0
2022-02-23,1817,30050.0,1080305.0,35.9,36.0,35.9,35.95,-0.05,24.0
2022-02-24,1817,83340.0,2980500.0,35.75,35.85,35.65,35.7,-0.25,80.0
2022-02-25,1817,50209.0,1787608.0,35.65,35.7,35.55,35.6,-0.1,49.0
2022-03-01,1817,83568.0,2999823.0,35.65,36.0,35.65,35.95,0.35,39.0
2022-03-02,1817,42095.0,1520541.0,36.1,36.3,35.8,36.3,0.35,26.0
2022-03-03,1817,10327.0,373918.0,36.2,36.25,36.2,36.25,-0.05,10.0
2022-03-04,1817,54200.0,1956633.0,36.3,36.3,36.0,36.3,0.05,28.0
2022-03-07,1817,78687.0,2811147.0,36.0,36.0,35.55,35.7,-0.6,78.0
2022-03-08,1817,62950.0,2240360.0,35.5,35.95,35.4,35.95,0.25,61.0
2022-03-09,1817,40270.0,1434915.0,35.95,35.95,35.5,35.8,-0.15,32.0
2022-03-10,1817,39908.0,1436911.0,36.0,36.1,35.9,36.0,0.2,34.0
2022-03-11,1817,35847.0,1274411.0,35.55,35.6,35.5,35.6,-0.4,34.0
2022-03-14,1817,24287.0,871458.0,35.6,36.0,35.6,35.8,0.2,21.0
2022-03-15,1817,28039.0,996707.0,35.6,35.6,35.5,35.5,-0.3,35.0
2022-03-16,1817,59532.0,2114560.0,35.6,35.6,35.45,35.5,0.0,39.0
2022-03-17,1817,62239.0,2225040.0,35.55,35.85,35.55,35.85,0.35,39.0
2022-03-18,1817,16916.0,605285.0,35.85,35.85,35.7,35.8,-0.05,21.0
2022-03-21,1817,18264.0,657824.0,35.95,36.05,35.95,35.95,0.15,19.0
2022-03-22,1817,25686.0,922663.0,35.6,36.05,35.6,36.0,0.05,29.0
2022-03-23,1817,35035.0,1258182.0,36.0,36.1,35.75,35.75,-0.25,27.0
2022-03-24,1817,9125.0,327680.0,36.2,36.2,35.85,35.85,0.1,9.0
2022-03-25,1817,28079.0,1011724.0,35.85,36.2,35.85,35.85,0.0,18.0
2022-03-28,1817,18319.0,656840.0,35.85,35.9,35.85,35.85,0.0,20.0
2022-03-29,1817,11000.0,395600.0,35.8,36.1,35.8,36.1,0.25,9.0
2022-03-30,1817,20212.0,727403.0,36.05,36.1,35.95,35.95,-0.15,20.0
2022-03-31,1817,8001.0,287486.0,35.95,35.95,35.9,35.9,-0.05,9.0
2022-04-01,1817,26206.0,937954.0,35.8,35.85,35.75,35.8,-0.1,21.0
2022-04-06,1817,20113.0,721782.0,35.8,36.1,35.8,36.1,0.3,17.0
2022-04-07,1817,59809.0,2137375.0,36.0,36.0,35.6,35.85,-0.25,48.0
2022-04-08,1817,206145.0,7347597.0,35.85,35.85,35.55,35.6,-0.25,38.0
2022-04-11,1817,802000.0,28650300.0,35.65,36.0,35.6,35.95,0.35,72.0
2022-04-12,1817,30170.0,1077305.0,35.95,35.95,35.55,35.6,-0.35,35.0
2022-04-13,1817,36000.0,1285500.0,35.65,36.0,35.6,36.0,0.4,24.0
2022-04-14,1817,32464.0,1164220.0,36.0,36.0,35.75,35.8,-0.2,20.0
2022-04-15,1817,11246.0,402179.0,35.7,35.8,35.7,35.8,0.0,14.0
2022-04-18,1817,8146.0,291606.0,35.8,35.95,35.7,35.7,-0.1,11.0
2022-04-19,1817,10000.0,358400.0,35.95,35.95,35.75,35.9,0.2,10.0
2022-04-20,1817,81358.0,2897178.0,35.7,35.8,35.5,35.8,-0.1,55.0
2022-04-21,1817,41184.0,1467383.0,35.8,35.8,35.5,35.65,-0.15,27.0
2022-04-22,1817,42160.0,1500810.0,35.65,35.65,35.5,35.6,-0.05,30.0
2022-04-25,1817,53068.0,1877474.0,35.4,35.5,35.25,35.25,-0.35,44.0
2022-04-26,1817,109922.0,3863397.0,35.45,35.45,35.0,35.1,-0.15,89.0
2022-04-27,1817,63104.0,2211797.0,35.1,35.2,35.0,35.2,0.1,65.0
2022-04-28,1817,58148.0,2038202.0,35.2,35.2,35.0,35.05,-0.15,44.0
2022-04-29,1817,38414.0,1347376.0,35.05,35.3,35.0,35.1,0.05,28.0
2022-05-03,1817,34704.0,1223399.0,35.15,35.35,35.1,35.2,0.1,32.0
2022-05-04,1817,131224.0,4603679.0,35.2,35.2,35.0,35.15,-0.05,57.0
2022-05-05,1817,53310.0,1869853.0,35.15,35.25,35.0,35.15,0.0,37.0
2022-05-06,1817,95100.0,3332174.0,35.25,35.25,34.95,35.0,-0.15,45.0
2022-05-09,1817,41594.0,1450543.0,35.0,35.0,34.8,34.85,-0.15,36.0
2022-05-10,1817,25252.0,885633.0,34.8,35.35,34.8,35.05,0.2,23.0
2022-05-11,1817,116065.0,4090874.0,35.3,35.3,35.05,35.15,0.1,32.0
2022-05-12,1817,442049.0,15536969.0,35.2,35.2,34.85,34.85,-0.3,50.0
2022-05-13,1817,49504.0,1726239.0,34.85,35.0,34.8,34.9,0.05,39.0
2022-05-16,1817,94479.0,3263612.0,34.7,34.8,34.4,34.75,-0.15,75.0
2022-05-17,1817,30850.0,1073789.0,34.9,34.95,34.75,34.75,0.0,26.0
2022-05-18,1817,30250.0,1062225.0,34.75,35.25,34.75,35.05,0.3,24.0
2022-05-19,1817,103574.0,3581008.0,35.0,35.0,34.4,34.8,-0.25,70.0
2022-05-20,1817,52416.0,1814837.0,34.6,34.85,34.55,34.65,-0.15,36.0
2022-05-23,1817,91262.0,3156820.0,34.75,34.75,34.5,34.6,-0.05,41.0
2022-05-24,1817,37249.0,1288313.0,34.65,34.7,34.5,34.65,0.05,26.0
2022-05-25,1817,24928.0,864590.0,34.5,34.9,34.4,34.9,0.25,24.0
2022-05-26,1817,135301.0,4682394.0,34.7,34.85,34.5,34.65,-0.25,38.0
2022-05-27,1817,55700.0,1929080.0,34.85,34.9,34.5,34.75,0.1,40.0
2022-05-30,1817,47391.0,1647642.0,34.95,34.95,34.6,34.85,0.1,48.0
2022-05-31,1817,44933.0,1557172.0,34.7,34.8,34.6,34.8,-0.05,43.0
2022-06-01,1817,46568.0,1623861.0,34.8,35.0,34.8,34.95,0.15,34.0
2022-06-02,1817,17400.0,608759.0,35.0,35.0,34.9,34.95,0.0,17.0
2022-06-06,1817,20425.0,714685.0,35.0,35.0,34.95,35.0,0.05,21.0
2022-06-07,1817,51383.0,1787977.0,35.0,35.05,34.6,34.95,-0.05,46.0
2022-06-08,1817,7109.0,248815.0,35.0,35.0,35.0,35.0,0.05,7.0
2022-06-09,1817,64206.0,2257434.0,35.0,35.25,35.0,35.25,0.25,49.0
2022-06-10,1817,52000.0,1821750.0,35.1,35.2,35.0,35.2,-0.05,29.0
2022-06-13,1817,66979.0,2335680.0,35.2,35.2,34.8,34.9,-0.3,53.0
2022-06-14,1817,87268.0,3025697.0,34.6,34.85,34.6,34.7,-0.2,57.0
2022-06-15,1817,13349.0,467964.0,34.95,35.0,34.9,35.0,0.3,16.0
2022-06-16,1817,25377.0,887250.0,35.05,35.05,34.8,34.9,-0.1,24.0
2022-06-17,1817,73610.0,2550192.0,34.65,34.8,34.6,34.8,-0.1,57.0
2022-06-20,1817,88762.0,3075543.0,34.8,34.8,34.4,34.5,-0.3,48.0
2022-06-21,1817,87302.0,3030489.0,34.7,34.85,34.7,34.85,0.35,25.0
2022-06-22,1817,38574.0,1331548.0,34.85,34.85,34.45,34.6,-0.25,27.0
2022-06-23,1817,378322.0,13089329.0,34.75,34.85,34.5,34.55,-0.05,39.0
2022-06-24,1817,9197.0,319730.0,34.7,34.85,34.7,34.8,0.25,14.0
2022-06-27,1817,59648.0,2090595.0,34.85,35.2,34.85,35.15,0.35,59.0
2022-06-28,1817,23350.0,815057.0,35.15,35.15,34.5,35.15,0.0,28.0
2022-06-29,1817,108687.0,3800304.0,35.1,35.1,34.85,34.85,-0.3,72.0
2022-06-30,1817,126744.0,4203557.0,33.0,33.4,33.0,33.1,0.0,126.0
2022-07-01,1817,107614.0,3548126.0,33.2,33.2,32.8,32.85,-0.25,92.0
2022-07-04,1817,41912.0,1378142.0,33.0,33.3,32.55,32.9,0.05,43.0
2022-07-05,1817,9434.0,312319.0,33.35,33.35,32.8,33.0,0.1,13.0
2022-07-06,1817,141217.0,4565626.0,33.0,33.15,32.0,32.2,-0.8,93.0
2022-07-07,1817,30341.0,988661.0,32.5,32.75,32.15,32.65,0.45,31.0
2022-07-08,1817,16495.0,539966.0,32.65,32.85,32.65,32.7,0.05,19.0
2022-07-11,1817,8109.0,266196.0,32.95,32.95,32.75,32.75,0.05,8.0
2022-07-12,1817,8481.0,275233.0,32.4,32.65,32.4,32.65,-0.1,15.0
2022-07-13,1817,23178.0,759767.0,32.6,33.0,32.6,32.8,0.15,24.0
2022-07-14,1817,34361.0,1120962.0,32.8,32.8,32.5,32.55,-0.25,38.0
2022-07-15,1817,18130.0,589688.0,32.55,32.75,32.4,32.5,-0.05,15.0
2022-07-18,1817,15959.0,520998.0,32.5,32.75,32.5,32.75,0.25,22.0
2022-07-19,1817,5287.0,173621.0,32.8,32.85,32.8,32.85,0.1,7.0
2022-07-20,1817,71385.0,2346539.0,32.55,33.35,32.55,32.75,-0.1,59.0
2022-07-21,1817,11085.0,363244.0,32.8,32.8,32.75,32.75,0.0,21.0
2022-07-22,1817,57705.0,1907247.0,33.0,33.2,32.9,33.15,0.4,42.0
2022-07-25,1817,15848.0,524648.0,32.8,33.2,32.8,33.2,0.05,29.0
2022-07-26,1817,24180.0,802518.0,33.2,33.25,33.05,33.2,0.0,21.0
2022-07-27,1817,10179.0,336224.0,33.1,33.1,33.0,33.0,-0.2,13.0
2022-07-28,1817,31210.0,1032359.0,33.45,33.45,33.0,33.0,0.0,30.0
2022-07-29,1817,41579.0,1380699.0,33.2,33.3,33.0,33.3,0.3,32.0
2022-08-01,1817,63157.0,2117499.0,33.3,33.8,33.3,33.5,0.2,42.0
2022-08-02,1817,65169.0,2186484.0,33.3,33.7,33.3,33.55,0.05,32.0
2022-08-03,1817,41091.0,1375151.0,33.3,33.6,33.1,33.5,-0.05,28.0
2022-08-04,1817,31104.0,1030543.0,33.15,33.3,33.0,33.3,-0.2,47.0
2022-08-05,1817,17075.0,572887.0,33.75,33.75,33.4,33.6,0.3,18.0
2022-08-08,1817,7803.0,260406.0,33.5,33.5,33.3,33.4,-0.2,24.0
2022-08-09,1817,27200.0,911265.0,33.5,33.6,33.45,33.5,0.1,11.0
2022-08-10,1817,61980.0,2088050.0,33.55,33.8,33.55,33.75,0.25,49.0
2022-08-11,1817,42321.0,1439208.0,34.0,34.05,33.95,34.0,0.25,46.0
2022-08-12,1817,124879.0,4355300.0,34.0,35.15,34.0,35.05,1.05,98.0
2022-08-15,1817,39200.0,1380816.0,35.2,35.35,35.1,35.2,0.15,47.0
2022-08-16,1817,52863.0,1850772.0,35.3,35.3,34.65,35.1,-0.1,49.0
2022-08-17,1817,38727.0,1356564.0,35.1,35.15,34.85,34.9,-0.2,53.0
2022-08-18,1817,9279.0,322017.0,34.6,35.0,34.5,34.85,-0.05,13.0
2022-08-19,1817,24940.0,868808.0,34.85,34.9,34.8,34.85,0.0,33.0
2022-08-22,1817,27521.0,960660.0,34.7,35.05,34.6,34.95,0.1,38.0
2022-08-23,1817,11300.0,393827.0,34.8,34.95,34.8,34.95,0.0,11.0
2022-08-24,1817,15251.0,531874.0,34.95,35.0,34.7,34.95,0.0,34.0
2022-08-25,1817,93301.0,3293585.0,35.35,35.4,35.2,35.25,0.3,74.0
2022-08-26,1817,39502.0,1395540.0,35.3,35.4,35.3,35.35,0.1,43.0
2022-08-29,1817,86029.0,3040734.0,35.25,35.5,35.1,35.3,-0.05,60.0
2022-08-30,1817,64350.0,2276764.0,35.3,35.5,35.25,35.45,0.15,49.0
2022-08-31,1817,84328.0,3008918.0,35.45,35.8,35.45,35.65,0.2,62.0
2022-09-01,1817,19139.0,680873.0,35.65,35.75,35.35,35.65,0.0,27.0
2022-09-02,1817,40809.0,1452401.0,35.5,35.8,35.4,35.6,-0.05,54.0
2022-09-05,1817,136599.0,4931674.0,36.0,36.35,35.9,36.0,0.4,133.0
2022-09-06,1817,49581.0,1788352.0,36.1,36.4,35.95,36.0,0.0,52.0
2022-09-07,1817,76190.0,2710051.0,35.9,35.9,35.35,35.85,-0.15,70.0
2022-09-08,1817,16576.0,594366.0,35.9,36.0,35.7,35.85,0.0,31.0
2022-09-12,1817,65947.0,2380953.0,36.0,36.2,36.0,36.05,0.2,111.0
2022-09-13,1817,113335.0,4145231.0,36.35,37.0,36.35,36.45,0.4,209.0
2022-09-14,1817,53662.0,1950941.0,36.0,36.6,36.0,36.4,-0.05,66.0
2022-09-15,1817,28491.0,1037488.0,36.3,36.7,36.3,36.45,0.05,36.0
2022-09-16,1817,25317.0,918501.0,36.1,36.55,36.1,36.3,-0.15,25.0
2022-09-19,1817,55659.0,2017659.0,36.45,36.45,36.05,36.4,0.1,105.0
2022-09-20,1817,75172.0,2698352.0,36.1,36.2,35.7,35.95,-0.45,58.0
2022-09-21,1817,37517.0,1354570.0,36.25,36.3,35.95,36.0,0.05,40.0
2022-09-22,1817,41460.0,1489854.0,36.0,36.2,35.7,36.15,0.15,36.0
2022-09-23,1817,16625.0,597274.0,35.85,36.0,35.85,35.95,-0.2,16.0
2022-09-26,1817,38412.0,1371384.0,35.75,35.8,35.65,35.65,-0.3,31.0
2022-09-27,1817,30250.0,1080557.0,35.6,36.15,35.6,35.65,0.0,21.0
2022-09-28,1817,48490.0,1709497.0,35.55,35.55,35.1,35.15,-0.5,65.0
2022-09-29,1817,10000.0,353650.0,35.45,35.45,35.2,35.2,0.05,8.0
2022-09-30,1817,26014.0,913971.0,35.05,35.7,35.0,35.7,0.5,37.0
2022-10-03,1817,12341.0,440363.0,35.6,35.8,35.5,35.7,0.0,17.0
2022-10-04,1817,21191.0,753785.0,35.7,35.75,35.3,35.6,-0.1,30.0
2022-10-05,1817,92300.0,3261644.0,35.7,35.7,35.15,35.4,-0.2,64.0
2022-10-06,1817,43426.0,1528526.0,35.45,35.45,35.05,35.25,-0.15,37.0
2022-10-07,1817,8737.0,308339.0,35.25,35.4,35.25,35.25,0.0,11.0
2022-10-11,1817,40403.0,1411236.0,35.25,35.25,34.75,34.85,-0.4,40.0
2022-10-12,1817,182110.0,6369994.0,35.5,35.5,34.75,35.0,0.15,33.0
2022-10-13,1817,196669.0,6714223.0,34.8,34.8,34.05,34.05,-0.95,59.0
2022-10-14,1817,109767.0,3787013.0,34.6,34.6,34.3,34.5,0.45,18.0
2022-10-17,1817,35757.0,1213748.0,33.8,34.35,33.75,34.35,-0.15,64.0
2022-10-18,1817,473352.0,16402940.0,35.15,35.15,34.55,34.65,0.3,23.0
2022-10-19,1817,11316.0,396341.0,35.0,35.25,34.9,34.9,0.25,14.0
2022-10-20,1817,17045.0,591458.0,34.9,34.9,34.65,34.7,-0.2,20.0
2022-10-21,1817,314000.0,10912550.0,34.7,34.95,34.7,34.75,0.05,14.0
2022-10-24,1817,163220.0,5672745.0,34.75,34.9,34.7,34.75,0.0,27.0
2022-10-25,1817,34106.0,1187442.0,35.0,35.0,34.7,34.8,0.05,25.0
2022-10-26,1817,40217.0,1399418.0,34.85,34.9,34.6,34.6,-0.2,37.0
2022-10-27,1817,44081.0,1537876.0,35.0,35.2,34.8,35.1,0.5,30.0
2022-10-28,1817,214140.0,7535313.0,34.7,35.2,34.65,35.2,0.1,13.0
2022-10-31,1817,11289.0,398072.0,35.35,35.4,35.05,35.4,0.2,10.0
2022-11-01,1817,38060.0,1343262.0,35.35,35.45,35.1,35.25,-0.15,19.0
2022-11-02,1817,10440.0,369339.0,35.35,35.4,35.35,35.35,0.1,16.0
2022-11-03,1817,8000.0,281500.0,35.15,35.25,35.05,35.25,-0.1,5.0
2022-11-04,1817,54825.0,1933875.0,35.2,35.4,35.0,35.3,0.05,41.0
2022-11-07,1817,22502.0,798243.0,35.5,35.5,35.35,35.35,0.05,24.0
2022-11-08,1817,62773.0,2221388.0,35.3,35.5,35.3,35.35,0.0,35.0
2022-11-09,1817,39541.0,1406401.0,35.25,36.15,35.25,35.5,0.15,31.0
2022-11-10,1817,89769.0,3228625.0,35.75,36.1,35.75,36.0,0.5,92.0
2022-11-11,1817,215221.0,7615497.0,35.9,35.9,35.2,35.35,-0.65,144.0
2022-11-14,1817,96554.0,3400965.0,35.5,35.5,35.1,35.35,0.0,73.0
2022-11-15,1817,101360.0,3564395.0,36.0,36.0,34.9,35.1,-0.25,79.0
2022-11-16,1817,37152.0,1309723.0,35.2,35.45,35.0,35.15,0.05,35.0
2022-11-17,1817,19596.0,689620.0,35.2,35.35,35.0,35.3,0.15,22.0
2022-11-18,1817,20268.0,714940.0,35.2,35.35,35.2,35.2,-0.1,20.0
2022-11-21,1817,33000.0,1157100.0,35.2,35.25,34.95,35.1,-0.1,22.0
2022-11-22,1817,72343.0,2561108.0,35.2,35.55,34.9,35.5,0.4,66.0
2022-11-23,1817,46647.0,1654243.0,35.7,35.95,35.2,35.4,-0.1,51.0
2022-11-24,1817,34090.0,1205797.0,35.5,35.5,35.2,35.45,0.05,33.0
2022-11-25,1817,71242.0,2507643.0,35.4,35.4,35.05,35.3,-0.15,46.0
2022-11-28,1817,40449.0,1444015.0,35.75,35.8,35.35,35.65,0.35,58.0
2022-11-29,1817,117633.0,4230209.0,35.9,36.4,35.8,36.1,0.45,62.0
2022-11-30,1817,64249.0,2302629.0,36.15,36.15,35.6,35.9,-0.2,50.0
2022-12-01,1817,40080.0,1439077.0,36.1,36.1,35.7,36.0,0.1,40.0
2022-12-02,1817,98116.0,3546181.0,36.0,36.3,36.0,36.2,0.2,49.0
2022-12-05,1817,46643.0,1689938.0,36.2,36.5,36.0,36.4,0.2,46.0
2022-12-06,1817,21553.0,782853.0,36.4,36.5,35.95,36.3,-0.1,28.0
2022-12-07,1817,15842.0,573942.0,36.3,36.3,36.05,36.1,-0.2,24.0
2022-12-08,1817,34485.0,1241408.0,36.3,36.3,35.8,35.8,-0.3,31.0
2022-12-09,1817,28699.0,1029986.0,36.2,36.2,35.8,35.85,0.05,28.0
2022-12-12,1817,53134.0,1924345.0,36.05,36.3,36.05,36.2,0.35,48.0
2022-12-13,1817,54479.0,1977392.0,36.15,36.35,36.15,36.35,0.15,58.0
2022-12-14,1817,210598.0,7772063.0,36.5,37.35,36.4,37.3,0.95,170.0
2022-12-15,1817,758475.0,28971872.0,37.25,38.7,37.2,38.25,0.95,526.0
2022-12-16,1817,347153.0,13363408.0,37.75,38.85,37.75,38.65,0.4,263.0
2022-12-19,1817,204413.0,7819929.0,38.65,38.65,37.95,38.35,-0.3,146.0
2022-12-20,1817,98787.0,3763311.0,38.4,38.4,37.7,37.75,-0.6,149.0
2022-12-21,1817,56427.0,2123382.0,37.75,37.8,37.5,37.8,0.05,69.0
2022-12-22,1817,67139.0,2542890.0,38.0,38.2,37.7,37.75,-0.05,123.0
2022-12-23,1817,39660.0,1498726.0,37.65,37.95,37.65,37.9,0.15,91.0
2022-12-26,1817,95235.0,3620840.0,38.05,38.1,37.95,38.1,0.2,80.0
2022-12-27,1817,42052.0,1602328.0,38.1,38.2,38.0,38.15,0.05,105.0
2022-12-28,1817,45394.0,1726415.0,38.15,38.2,37.8,38.1,-0.05,91.0
2022-12-29,1817,31430.0,1187045.0,38.0,38.0,37.55,37.85,-0.25,55.0
2022-12-30,1817,32657.0,1234904.0,37.6,37.95,37.6,37.85,0.0,23.0
2023-01-03,1817,14902.0,564143.0,37.85,38.0,37.7,37.9,0.05,82.0
2023-01-04,1817,33133.0,1261224.0,38.0,38.1,38.0,38.05,0.15,45.0
2023-01-05,1817,73306.0,2788287.0,37.9,38.1,37.9,38.05,0.0,71.0
2023-01-06,1817,329200.0,12779862.0,38.05,39.05,37.9,39.0,0.95,227.0
2023-01-09,1817,110976.0,4314860.0,39.05,39.1,38.7,38.95,-0.05,97.0
2023-01-10,1817,142170.0,5499353.0,38.95,38.95,38.3,38.75,-0.2,102.0
2023-01-11,1817,111009.0,4326266.0,38.9,39.1,38.75,39.05,0.3,152.0
2023-01-12,1817,104768.0,4061364.0,39.15,39.15,38.7,38.7,-0.35,62.0
2023-01-13,1817,61975.0,2403837.0,38.65,38.95,38.6,38.8,0.1,68.0
2023-01-16,1817,111945.0,4338296.0,38.6,38.95,37.6,38.8,0.0,157.0
2023-01-17,1817,21329.0,826821.0,38.6,38.85,38.6,38.75,-0.05,39.0
2023-01-30,1817,497618.0,19550119.0,39.2,39.4,38.9,39.35,0.6,338.0
2023-01-31,1817,334684.0,13206023.0,39.35,39.65,38.85,39.65,0.3,172.0
2023-02-01,1817,295172.0,11787016.0,39.65,40.15,39.65,39.9,0.25,175.0
2023-02-02,1817,89219.0,3570428.0,39.95,40.15,39.9,40.05,0.15,134.0
2023-02-03,1817,119689.0,4793933.0,40.05,40.2,39.75,40.15,0.1,103.0
2023-02-06,1817,51000.0,2039584.0,40.1,40.1,39.9,40.05,-0.1,61.0
2023-02-07,1817,214347.0,8614310.0,39.9,40.35,39.9,40.15,0.1,161.0
2023-02-08,1817,294585.0,11960255.0,40.1,41.0,40.0,40.45,0.3,192.0
2023-02-09,1817,98741.0,3995538.0,40.45,40.7,40.3,40.45,0.0,75.0
2023-02-10,1817,139963.0,5555321.0,39.8,39.95,39.4,39.7,-0.75,229.0
2023-02-13,1817,102502.0,4015231.0,39.7,39.7,38.8,39.05,-0.65,146.0
2023-02-14,1817,72296.0,2814067.0,39.1,39.1,38.8,38.85,-0.2,62.0
2023-02-15,1817,41212.0,1597923.0,38.6,38.85,38.6,38.75,-0.1,44.0
2023-02-16,1817,64055.0,2527639.0,39.25,39.85,39.05,39.85,1.1,50.0
2023-02-17,1817,54750.0,2164010.0,39.5,39.7,39.4,39.5,-0.35,43.0
2023-02-20,1817,88800.0,3528604.0,39.3,40.0,39.3,39.6,0.1,69.0
2023-02-21,1817,241627.0,9622540.0,39.7,40.05,39.3,39.35,-0.25,130.0
2023-02-22,1817,116197.0,4528774.0,39.25,39.25,38.8,38.95,-0.4,105.0
2023-02-23,1817,78015.0,3039994.0,39.05,39.05,38.9,38.95,0.0,65.0
2023-02-24,1817,92150.0,3587432.0,39.0,39.05,38.8,38.95,0.0,60.0
2023-03-01,1817,186493.0,7252793.0,39.05,39.25,38.5,38.8,-0.15,110.0
2023-03-02,1817,74150.0,2889365.0,39.0,39.05,38.8,38.9,0.1,57.0
2023-03-03,1817,96035.0,3741807.0,39.35,39.35,38.8,38.8,-0.1,78.0
2023-03-06,1817,240827.0,9341777.0,38.8,39.15,38.65,38.8,0.0,145.0
2023-03-07,1817,133492.0,5241370.0,39.05,39.9,38.8,39.85,1.05,100.0
2023-03-08,1817,45688.0,1817949.0,39.65,39.9,39.6,39.7,-0.15,62.0
2023-03-09,1817,51105.0,2022991.0,39.7,39.9,39.35,39.7,0.0,44.0
2023-03-10,1817,109911.0,4284796.0,39.1,39.15,38.55,39.0,-0.7,91.0
2023-03-13,1817,73119.0,2825413.0,38.8,38.9,38.4,38.8,-0.2,58.0
2023-03-14,1817,48425.0,1874547.0,38.75,38.8,38.45,38.7,-0.1,42.0
2023-03-15,1817,38357.0,1486514.0,38.7,38.8,38.7,38.75,0.05,29.0
2023-03-16,1817,599505.0,22525165.0,38.5,38.5,37.2,37.55,-1.2,417.0
2023-03-17,1817,787702.0,29395825.0,37.65,38.25,36.9,36.95,-0.6,487.0
2023-03-20,1817,316993.0,12176661.0,37.3,39.5,37.3,38.65,1.7,225.0
2023-03-21,1817,83520.0,3221001.0,38.85,38.85,38.35,38.65,0.0,85.0
2023-03-22,1817,118830.0,4588437.0,38.75,38.85,38.5,38.65,0.0,85.0
2023-03-23,1817,114011.0,4432954.0,38.8,39.1,38.7,38.95,0.3,93.0
2023-03-24,1817,48340.0,1884428.0,38.7,39.1,38.7,38.95,0.0,50.0
2023-03-27,1817,56000.0,2179250.0,39.05,39.05,38.85,38.95,0.0,42.0
2023-03-28,1817,100371.0,3909383.0,38.95,39.1,38.85,38.9,-0.05,58.0
2023-03-29,1817,97139.0,3785122.0,38.9,39.15,38.8,39.1,0.2,73.0
2023-03-30,1817,178200.0,6960063.0,39.05,39.35,38.85,39.35,0.25,90.0
2023-03-31,1817,57009.0,2217914.0,38.55,39.15,38.55,39.05,-0.3,65.0
2023-04-06,1817,299754.0,11893170.0,39.4,39.85,39.4,39.8,0.75,201.0
2023-04-07,1817,248095.0,9966385.0,40.0,40.4,39.85,39.85,0.05,152.0
2023-04-10,1817,58529.0,2332892.0,39.85,40.0,39.7,39.85,0.0,74.0
2023-04-11,1817,506209.0,19999833.0,39.6,39.7,39.45,39.45,-0.4,114.0
2023-04-12,1817,135346.0,5322748.0,39.4,39.85,39.05,39.05,-0.4,115.0
2023-04-13,1817,100599.0,3908890.0,39.05,39.1,38.55,38.85,-0.2,70.0
2023-04-14,1817,88168.0,3429667.0,39.0,39.05,38.8,38.95,0.1,65.0
2023-04-17,1817,82181.0,3208880.0,39.0,39.1,38.95,39.0,0.05,57.0
2023-04-18,1817,69369.0,2734897.0,39.2,39.85,39.0,39.05,0.05,48.0
2023-04-19,1817,61376.0,2394748.0,39.1,39.3,38.95,38.95,-0.1,43.0
2023-04-20,1817,72089.0,2795091.0,38.95,39.0,38.6,38.65,-0.3,61.0
2023-04-21,1817,102576.0,3934438.0,38.9,38.9,38.0,38.45,-0.2,108.0
2023-04-24,1817,125166.0,4767102.0,38.45,38.5,37.9,38.1,-0.35,169.0
2023-04-25,1817,75315.0,2871281.0,38.3,38.6,37.95,38.0,-0.1,63.0
2023-04-26,1817,121971.0,4612368.0,38.0,38.15,37.6,38.1,0.1,113.0
2023-04-27,1817,15142.0,579684.0,38.3,38.35,38.2,38.2,0.1,21.0
2023-04-28,1817,47009.0,1813400.0,38.35,38.7,38.35,38.5,0.3,42.0
2023-05-02,1817,121348.0,4698493.0,38.4,39.15,38.4,39.0,0.5,59.0
2023-05-03,1817,353566.0,13859266.0,39.1,39.65,39.0,39.1,0.1,107.0
2023-05-04,1817,233159.0,9119921.0,39.0,39.35,38.8,38.85,-0.25,68.0
2023-05-05,1817,303301.0,11795323.0,38.8,39.25,38.7,38.85,0.0,91.0
2023-05-08,1817,171228.0,6680826.0,39.2,39.2,38.9,39.05,0.2,55.0
2023-05-09,1817,145423.0,5611691.0,39.05,39.05,38.45,38.65,-0.4,109.0
2023-05-10,1817,194313.0,7493874.0,38.65,38.65,38.45,38.6,-0.05,63.0
2023-05-11,1817,144350.0,5566607.0,38.4,38.6,38.4,38.6,0.0,42.0
2023-05-12,1817,63510.0,2447536.0,38.15,38.65,38.15,38.65,0.05,35.0
2023-05-15,1817,141249.0,5415109.0,38.65,38.65,38.1,38.45,-0.2,93.0
2023-05-16,1817,189474.0,7225394.0,38.1,38.4,38.05,38.25,-0.2,133.0
2023-05-17,1817,108114.0,4153210.0,38.4,38.55,38.35,38.45,0.2,44.0
2023-05-18,1817,35383.0,1356494.0,38.35,38.5,38.2,38.45,0.0,37.0
2023-05-19,1817,98013.0,3772652.0,38.45,38.7,38.45,38.65,0.2,52.0
2023-05-22,1817,83271.0,3209210.0,38.7,38.7,38.5,38.55,-0.1,66.0
2023-05-23,1817,25160.0,972410.0,38.55,38.7,38.55,38.65,0.1,22.0
2023-05-24,1817,60500.0,2341884.0,38.65,38.85,38.65,38.75,0.1,47.0
2023-05-25,1817,25000.0,969150.0,38.7,38.8,38.7,38.75,0.0,17.0
2023-05-26,1817,115048.0,4458067.0,38.75,38.9,38.7,38.7,-0.05,25.0
2023-05-29,1817,30040.0,1162210.0,38.7,38.7,38.65,38.7,0.0,25.0
2023-05-30,1817,15465.0,598616.0,38.75,38.75,38.7,38.7,0.0,20.0
2023-05-31,1817,28475.0,1102357.0,38.7,38.75,38.7,38.7,0.0,31.0
2023-06-01,1817,37487.0,1453624.0,38.7,38.95,38.7,38.75,0.05,77.0
2023-06-02,1817,49324.0,1911001.0,38.7,38.85,38.7,38.7,-0.05,41.0
2023-06-05,1817,48519.0,1876109.0,38.7,38.75,38.6,38.65,-0.05,57.0
2023-06-06,1817,21158.0,818702.0,38.7,38.7,38.65,38.7,0.05,17.0
2023-06-07,1817,74000.0,2861600.0,38.75,38.75,38.6,38.75,0.05,43.0
2023-06-08,1817,67438.0,2622547.0,39.0,39.0,38.8,38.9,0.15,23.0
2023-06-09,1817,70808.0,2764935.0,39.0,39.15,38.95,39.0,0.1,54.0
2023-06-12,1817,42915.0,1677140.0,39.0,39.2,38.95,39.1,0.1,60.0
2023-06-13,1817,84834.0,3337953.0,39.4,39.5,39.0,39.25,0.15,73.0
2023-06-14,1817,56477.0,2217861.0,39.25,39.35,39.2,39.25,0.0,43.0
2023-06-15,1817,98879.0,3885989.0,39.35,39.35,39.25,39.35,0.1,76.0
2023-06-16,1817,61595.0,2418848.0,39.35,39.35,39.2,39.2,-0.15,51.0
2023-06-19,1817,113363.0,4453315.0,39.35,39.4,39.2,39.2,0.0,79.0
2023-06-20,1817,102520.0,4022473.0,39.2,39.35,39.15,39.25,0.05,58.0
2023-06-21,1817,106615.0,4189518.0,39.2,39.35,39.2,39.35,0.1,81.0
2023-06-26,1817,121586.0,4801130.0,39.35,39.6,39.3,39.5,0.15,128.0
2023-06-27,1817,415017.0,16397455.0,39.5,39.75,39.35,39.4,-0.1,350.0
2023-06-28,1817,216202.0,8073946.0,37.1,37.75,37.1,37.7,0.0,314.0
2023-06-29,1817,76220.0,2871332.0,37.7,37.9,37.6,37.6,-0.1,103.0
2023-06-30,1817,40153.0,1513101.0,37.75,37.75,37.6,37.6,0.0,48.0
2023-07-03,1817,53337.0,2001582.0,37.5,37.6,37.4,37.5,-0.1,70.0
2023-07-04,1817,45705.0,1716986.0,37.55,37.75,37.5,37.7,0.2,54.0
2023-07-05,1817,42765.0,1615985.0,37.65,37.9,37.6,37.8,0.1,48.0
2023-07-06,1817,76679.0,2910598.0,37.8,38.05,37.8,37.8,0.0,61.0
2023-07-07,1817,46256.0,1744957.0,37.8,38.0,37.6,37.8,0.0,48.0
2023-07-10,1817,70084.0,2631926.0,37.8,37.8,37.5,37.55,-0.25,43.0
2023-07-11,1817,56278.0,2103055.0,37.6,37.6,37.25,37.4,-0.15,62.0
2023-07-12,1817,36269.0,1355783.0,37.4,37.4,37.3,37.4,0.0,30.0
2023-07-13,1817,41100.0,1535140.0,37.4,37.4,37.3,37.3,-0.1,29.0
2023-07-14,1817,76825.0,2863693.0,37.25,37.35,37.2,37.35,0.05,70.0
2023-07-17,1817,24567.0,918469.0,37.35,37.5,37.3,37.5,0.15,38.0
2023-07-18,1817,59732.0,2230897.0,37.5,37.5,37.3,37.3,-0.2,48.0
2023-07-19,1817,49308.0,1836449.0,37.3,37.4,37.15,37.3,0.0,45.0
2023-07-20,1817,31372.0,1182988.0,37.4,38.0,37.3,37.5,0.2,35.0
2023-07-21,1817,37167.0,1395861.0,37.6,37.6,37.45,37.6,0.1,32.0
2023-07-24,1817,44744.0,1682939.0,37.7,37.95,37.25,37.55,-0.05,47.0
2023-07-25,1817,30188.0,1128889.0,37.6,37.6,37.3,37.35,-0.2,27.0
2023-07-26,1817,25512.0,960331.0,37.35,37.8,37.35,37.55,0.2,30.0
2023-07-27,1817,27023.0,1012233.0,37.65,37.65,37.4,37.4,-0.15,35.0
2023-07-28,1817,36774.0,1375865.0,37.45,37.45,37.4,37.4,0.0,31.0
2023-07-31,1817,21235.0,792696.0,37.4,37.4,37.25,37.3,-0.1,34.0
2023-08-01,1817,20112.0,751752.0,37.3,37.4,37.3,37.35,0.05,22.0
2023-08-02,1817,64545.0,2407968.0,37.75,37.75,37.1,37.1,-0.25,49.0
2023-08-04,1817,14373.0,534582.0,37.2,37.35,37.05,37.35,0.25,23.0
2023-08-07,1817,35586.0,1323920.0,37.45,37.5,37.0,37.15,-0.2,45.0
2023-08-08,1817,48300.0,1800227.0,37.15,37.45,37.15,37.2,0.05,38.0
2023-08-09,1817,16136.0,604080.0,37.2,37.55,37.2,37.55,0.35,17.0
2023-08-10,1817,158137.0,5851244.0,37.5,37.5,36.8,36.85,-0.7,170.0
2023-08-11,1817,196322.0,7201943.0,36.85,36.85,36.5,36.65,-0.2,156.0
2023-08-14,1817,425177.0,15393326.0,36.65,36.65,36.0,36.15,-0.5,171.0
2023-08-15,1817,456179.0,16544715.0,36.15,36.3,36.15,36.15,0.0,41.0
2023-08-16,1817,67769.0,2441565.0,36.15,36.25,35.9,36.2,0.05,63.0
2023-08-17,1817,45840.0,1671835.0,37.0,37.0,36.15,36.4,0.2,42.0
2023-08-18,1817,62200.0,2252288.0,36.4,36.4,35.9,36.35,-0.05,36.0
2023-08-21,1817,27210.0,982998.0,36.35,36.35,35.95,36.3,-0.05,24.0
2023-08-22,1817,19260.0,709867.0,36.5,37.55,36.35,36.4,0.1,37.0
2023-08-23,1817,43270.0,1563276.0,36.4,36.4,36.0,36.25,-0.15,38.0
2023-08-24,1817,56479.0,2039181.0,36.3,36.3,35.9,36.0,-0.25,46.0
2023-08-25,1817,6000.0,216950.0,36.1,36.2,36.1,36.2,0.2,5.0
2023-08-28,1817,40803.0,1464730.0,36.3,36.3,35.8,36.0,-0.2,41.0
2023-08-29,1817,9643.0,346463.0,35.8,36.1,35.8,36.1,0.1,18.0
2023-08-30,1817,8020.0,290425.0,36.25,36.25,36.2,36.2,0.1,9.0
2023-08-31,1817,14273.0,518286.0,36.3,36.45,36.25,36.35,0.15,18.0
2023-09-01,1817,15420.0,560519.0,36.35,36.4,36.3,36.35,0.0,25.0
2023-09-04,1817,25585.0,930850.0,36.35,36.55,36.3,36.4,0.05,22.0
2023-09-05,1817,32899.0,1190917.0,36.35,36.4,36.1,36.1,-0.3,43.0
2023-09-06,1817,5227.0,189930.0,36.1,36.45,36.1,36.2,0.1,12.0
2023-09-07,1817,20213.0,732667.0,36.2,36.5,36.2,36.2,0.0,24.0
2023-09-08,1817,6490.0,235089.0,36.25,36.25,36.2,36.2,0.0,12.0
2023-09-11,1817,15100.0,546919.0,36.25,36.25,36.2,36.2,0.0,15.0
2023-09-12,1817,10040.0,362470.0,36.2,36.2,36.05,36.15,-0.05,12.0
2023-09-13,1817,38605.0,1392617.0,36.3,36.4,35.95,36.3,0.15,42.0
2023-09-14,1817,9321.0,337644.0,36.2,36.5,36.1,36.2,-0.1,18.0
2023-09-15,1817,20462.0,740539.0,36.2,36.2,36.15,36.15,-0.05,32.0
2023-09-18,1817,66348.0,2389443.0,36.15,36.25,35.95,36.0,-0.15,65.0
2023-09-19,1817,21651.0,783156.0,36.05,36.3,36.05,36.05,0.05,31.0
2023-09-20,1817,18200.0,658183.0,36.0,36.7,36.0,36.55,0.5,26.0
2023-09-21,1817,34947.0,1259844.0,36.0,36.15,36.0,36.05,-0.5,41.0
2023-09-22,1817,6194.0,223440.0,36.05,36.1,36.05,36.05,0.0,14.0
2023-09-25,1817,32155.0,1158768.0,36.05,36.1,36.0,36.0,-0.05,41.0
2023-09-26,1817,174563.0,6249968.0,36.0,36.0,35.5,35.85,-0.15,108.0
2023-09-27,1817,83718.0,2992229.0,35.85,36.05,35.65,35.7,-0.15,52.0
2023-09-28,1817,89445.0,3187305.0,35.8,35.8,35.55,35.55,-0.15,84.0
2023-10-02,1817,38721.0,1378102.0,35.8,35.8,35.5,35.55,0.0,41.0
2023-10-03,1817,21622.0,771330.0,35.85,35.85,35.55,35.85,0.3,33.0
2023-10-04,1817,82547.0,2920425.0,35.5,35.6,35.2,35.2,-0.65,116.0
2023-10-05,1817,111376.0,3925612.0,35.8,35.8,35.15,35.15,-0.05,120.0
2023-10-06,1817,44246.0,1560566.0,35.15,35.3,35.15,35.2,0.05,74.0
2023-10-11,1817,40747.0,1437658.0,35.25,35.35,35.25,35.3,0.1,54.0
2023-10-12,1817,24460.0,866171.0,35.3,35.5,35.3,35.5,0.2,31.0
2023-10-13,1817,38241.0,1358544.0,35.5,35.75,35.4,35.7,0.2,37.0
2023-10-16,1817,19574.0,698486.0,35.7,35.75,35.6,35.65,-0.05,37.0
2023-10-17,1817,17134.0,610342.0,35.75,35.75,35.6,35.6,-0.05,15.0
2023-10-18,1817,59581.0,2100462.0,35.5,35.5,35.2,35.2,-0.4,81.0
2023-10-19,1817,75020.0,2632408.0,35.2,35.3,35.05,35.05,-0.15,22.0
2023-10-20,1817,31405.0,1101535.0,35.05,35.55,34.95,35.25,0.2,46.0
2023-10-23,1817,39800.0,1396122.0,35.3,35.3,35.0,35.0,-0.25,52.0
2023-10-24,1817,81126.0,2827351.0,35.0,35.0,34.75,35.0,0.0,113.0
2023-10-25,1817,75391.0,2641398.0,35.5,35.5,35.0,35.0,0.0,42.0
2023-10-26,1817,257130.0,8999100.0,34.9,35.0,34.9,35.0,0.0,12.0
2023-10-27,1817,10000.0,350450.0,35.0,35.1,35.0,35.0,0.0,8.0
2023-10-30,1817,7216.0,252627.0,35.05,35.05,35.0,35.0,0.0,12.0
2023-10-31,1817,26266.0,919172.0,35.3,35.3,34.9,34.95,-0.05,21.0
2023-11-01,1817,598000.0,20985900.0,34.95,35.1,34.95,35.05,0.1,25.0
2023-11-02,1817,145370.0,5103686.0,35.55,35.55,35.1,35.2,0.15,21.0
2023-11-03,1817,10523.0,371657.0,35.3,35.35,35.3,35.3,0.1,23.0
2023-11-06,1817,353591.0,12534691.0,35.3,35.45,35.3,35.45,0.15,18.0
2023-11-07,1817,49105.0,1746887.0,35.65,35.65,35.55,35.6,0.15,22.0
2023-11-08,1817,233472.0,8387213.0,35.55,36.1,35.55,35.65,0.05,47.0
2023-11-09,1817,38800.0,1391129.0,35.7,36.15,35.65,35.95,0.3,42.0
2023-11-10,1817,15170.0,545928.0,36.0,36.0,35.9,35.9,-0.05,19.0
2023-11-13,1817,423033.0,14847167.0,35.9,36.1,35.0,35.0,-0.9,129.0
2023-11-14,1817,22515.0,793673.0,35.15,35.4,35.15,35.4,0.4,32.0
2023-11-15,1817,112549.0,4044014.0,35.5,36.25,35.5,36.2,0.8,96.0
2023-11-16,1817,60149.0,2179270.0,36.2,36.25,36.2,36.25,0.05,49.0
2023-11-17,1817,262412.0,9483133.0,36.25,36.25,36.0,36.1,-0.15,27.0
2023-11-20,1817,34738.0,1264236.0,36.1,36.5,36.1,36.4,0.3,36.0
2023-11-21,1817,351119.0,12777664.0,36.1,36.4,36.1,36.4,0.0,26.0
2023-11-22,1817,34361.0,1250274.0,36.4,36.4,36.35,36.35,-0.05,35.0
2023-11-23,1817,16922.0,611528.0,36.25,36.25,36.05,36.15,-0.2,41.0
2023-11-24,1817,32819.0,1186305.0,36.2,36.2,36.1,36.15,0.0,36.0
2023-11-27,1817,18300.0,663053.0,36.15,36.3,36.1,36.25,0.1,27.0
2023-11-28,1817,20382.0,740269.0,36.25,36.4,36.25,36.4,0.15,29.0
2023-11-29,1817,74565.0,2711443.0,36.35,36.4,36.25,36.35,-0.05,29.0
2023-11-30,1817,62760.0,2279693.0,36.35,36.35,36.25,36.35,0.0,30.0
2023-12-01,1817,56220.0,2045206.0,36.35,36.4,36.3,36.3,-0.05,35.0
2023-12-04,1817,81299.0,2963119.0,36.3,36.55,36.3,36.55,0.25,56.0
2023-12-05,1817,133567.0,4894154.0,36.55,36.8,36.55,36.8,0.25,58.0
2023-12-06,1817,153225.0,5672878.0,36.8,37.3,36.8,36.95,0.15,97.0
2023-12-07,1817,119529.0,4443488.0,37.0,37.4,37.0,37.15,0.2,78.0
2023-12-08,1817,53822.0,1996260.0,37.2,37.25,36.9,36.9,-0.25,53.0
2023-12-11,1817,36188.0,1336997.0,37.2,37.25,36.8,36.95,0.05,108.0
2023-12-12,1817,144125.0,5328582.0,37.0,37.05,36.9,37.05,0.1,64.0
2023-12-13,1817,100820.0,3725404.0,36.9,37.2,36.85,36.95,-0.1,47.0
2023-12-14,1817,130375.0,4826541.0,37.0,37.2,36.9,37.1,0.15,47.0
2023-12-15,1817,14344.0,531404.0,37.15,37.15,37.0,37.05,-0.05,26.0
2023-12-18,1817,90257.0,3313967.0,37.05,37.05,36.4,36.6,-0.45,101.0
2023-12-19,1817,36656.0,1338893.0,36.6,36.6,36.4,36.6,0.0,59.0
2023-12-20,1817,66859.0,2453203.0,36.6,36.8,36.6,36.75,0.15,53.0
2023-12-21,1817,41239.0,1513633.0,36.8,36.95,36.55,36.75,0.0,32.0
2023-12-22,1817,37170.0,1372502.0,36.9,37.0,36.85,36.95,0.2,35.0
2023-12-25,1817,22730.0,839661.0,37.0,37.0,36.9,36.9,-0.05,21.0
2023-12-26,1817,25888.0,956349.0,36.9,36.95,36.9,36.95,0.05,33.0
2023-12-27,1817,9588.0,354238.0,36.95,36.95,36.9,36.9,-0.05,20.0
2023-12-28,1817,23756.0,877137.0,36.9,37.0,36.85,36.95,0.05,32.0
2023-12-29,1817,31855.0,1176947.0,36.9,37.0,36.9,36.9,-0.05,22.0
2024-01-02,1817,45419.0,1669495.0,36.65,36.85,36.65,36.85,-0.05,27.0
2024-01-03,1817,30906.0,1142709.0,37.25,37.25,36.9,36.9,0.05,34.0
2024-01-04,1817,40162.0,1475633.0,36.7,36.85,36.7,36.8,-0.1,25.0
2024-01-05,1817,45439.0,1675681.0,37.0,37.0,36.7,36.7,-0.1,36.0
2024-01-08,1817,54699.0,2005975.0,36.7,36.8,36.55,36.65,-0.05,33.0
2024-01-09,1817,71174.0,2630482.0,36.85,37.05,36.8,36.9,0.25,47.0
2024-01-10,1817,26075.0,961343.0,36.85,36.9,36.8,36.85,-0.05,39.0
2024-01-11,1817,43726.0,1612642.0,36.9,36.9,36.85,36.9,0.05,41.0
2024-01-12,1817,31066.0,1145238.0,36.9,36.9,36.85,36.85,-0.05,20.0
2024-01-15,1817,27743.0,1019228.0,36.75,36.8,36.65,36.65,-0.2,26.0
2024-01-16,1817,55624.0,2032580.0,36.65,36.65,36.5,36.5,-0.15,37.0
2024-01-17,1817,53300.0,1940275.0,36.4,36.5,36.3,36.35,-0.15,38.0
2024-01-18,1817,14120.0,514278.0,36.35,36.45,36.35,36.45,0.1,10.0
2024-01-19,1817,28190.0,1028611.0,36.6,36.65,36.3,36.5,0.05,28.0
2024-01-22,1817,27418.0,997588.0,36.65,36.65,36.1,36.4,-0.1,16.0
2024-01-23,1817,12912.0,469603.0,36.4,36.4,36.3,36.3,-0.1,23.0
2024-01-24,1817,11523.0,420377.0,36.45,36.5,36.45,36.45,0.15,18.0
2024-01-25,1817,30153.0,1102614.0,36.5,36.7,36.5,36.5,0.05,26.0
2024-01-26,1817,6269.0,229036.0,36.5,36.5,36.4,36.5,0.0,16.0
2024-01-29,1817,13230.0,484164.0,36.4,36.7,36.35,36.55,0.05,12.0
2024-01-30,1817,10426.0,382409.0,36.55,36.9,36.5,36.5,-0.05,17.0
2024-01-31,1817,11223.0,409543.0,36.5,36.55,36.4,36.4,-0.1,12.0
2024-02-01,1817,6170.0,226418.0,36.8,36.85,36.5,36.6,0.2,19.0
2024-02-02,1817,42288.0,1543119.0,36.6,36.65,36.3,36.45,-0.15,36.0
2024-02-05,1817,23694.0,863037.0,36.3,36.5,36.3,36.45,0.0,40.0
2024-02-15,1817,30907.0,1133221.0,36.45,36.85,36.3,36.7,0.25,37.0
2024-02-16,1817,52701.0,1941361.0,36.7,36.9,36.7,36.8,0.1,52.0
2024-02-19,1817,68615.0,2542290.0,36.8,37.2,36.8,37.1,0.3,64.0
2024-02-20,1817,61380.0,2273338.0,37.15,37.15,36.95,37.0,-0.1,66.0
2024-02-21,1817,132214.0,4865451.0,37.0,37.0,36.3,36.7,-0.3,79.0
2024-02-22,1817,31559.0,1168918.0,37.05,37.1,36.9,37.05,0.35,39.0
2024-02-23,1817,23522.0,872339.0,37.05,37.1,37.05,37.05,0.0,37.0
2024-02-26,1817,33828.0,1254592.0,37.2,37.2,36.95,37.0,-0.05,55.0
2024-02-27,1817,399672.0,15126381.0,37.4,38.1,37.4,37.8,0.8,287.0
2024-02-29,1817,159496.0,6062167.0,37.95,38.1,37.85,37.85,0.05,193.0
2024-03-01,1817,76619.0,2902372.0,37.9,38.0,37.7,37.95,0.1,91.0
2024-03-04,1817,164769.0,6283996.0,37.8,38.25,37.8,38.1,0.15,151.0
2024-03-05,1817,87079.0,3302473.0,38.2,38.2,37.85,37.9,-0.2,76.0
2024-03-06,1817,175491.0,6671410.0,37.9,38.15,37.9,38.0,0.1,79.0
2024-03-07,1817,98459.0,3736359.0,38.0,38.1,37.85,38.0,0.0,92.0
2024-03-08,1817,317304.0,11847157.0,37.7,37.8,37.1,37.2,-0.8,227.0
2024-03-11,1817,64518.0,2414568.0,37.0,37.7,37.0,37.55,0.35,72.0
2024-03-12,1817,37481.0,1413201.0,37.55,37.8,37.55,37.7,0.15,51.0
2024-03-13,1817,36469.0,1375043.0,37.85,37.85,37.6,37.6,-0.1,61.0
2024-03-14,1817,43783.0,1649515.0,37.8,37.8,37.5,37.65,0.05,56.0
2024-03-15,1817,34050.0,1280399.0,37.7,37.7,37.5,37.55,-0.1,40.0
2024-03-18,1817,38459.0,1448366.0,37.8,37.8,37.5,37.75,0.2,59.0
2024-03-19,1817,58694.0,2216678.0,37.75,37.8,37.7,37.7,-0.05,43.0
2024-03-20,1817,120385.0,4583004.0,37.9,38.2,37.9,38.0,0.3,104.0
2024-03-21,1817,137607.0,5257302.0,38.15,38.35,38.05,38.2,0.2,89.0
2024-03-22,1817,139712.0,5349539.0,38.55,38.85,37.85,37.85,-0.35,97.0
2024-03-25,1817,155405.0,5880778.0,37.9,38.05,37.65,37.65,-0.2,151.0
2024-03-26,1817,82439.0,3105545.0,37.65,37.85,37.45,37.45,-0.2,81.0
2024-03-27,1817,39717.0,1509104.0,37.5,38.1,37.5,38.1,0.65,43.0
2024-03-28,1817,86472.0,3264358.0,38.1,38.1,37.6,37.65,-0.45,71.0
2024-03-29,1817,278145.0,10427082.0,37.75,37.9,37.3,37.4,-0.25,136.0
2024-04-01,1817,177501.0,6670314.0,37.95,38.0,37.35,37.5,0.1,115.0
2024-04-02,1817,320991.0,11999021.0,37.55,37.6,37.25,37.3,-0.2,207.0
2024-04-03,1817,112195.0,4186998.0,37.3,37.4,37.25,37.3,0.0,81.0
2024-04-08,1817,112543.0,4203757.0,37.3,37.55,37.3,37.55,0.25,104.0
2024-04-09,1817,322960.0,12207137.0,37.55,38.2,37.35,38.2,0.65,227.0
2024-04-10,1817,331269.0,12577866.0,38.55,38.6,37.7,38.05,-0.15,237.0
2024-04-11,1817,315138.0,11841305.0,38.05,38.15,37.3,37.35,-0.7,212.0
2024-04-12,1817,196922.0,7325557.0,37.55,37.75,37.0,37.25,-0.1,148.0
2024-04-15,1817,304778.0,11326371.0,37.25,37.6,37.0,37.55,0.3,330.0
2024-04-16,1817,259698.0,9613371.0,37.65,37.65,36.8,37.05,-0.5,223.0
2024-04-17,1817,467311.0,17243902.0,37.05,37.2,36.8,36.95,-0.1,351.0
2024-04-18,1817,515110.0,19003679.0,36.9,37.4,36.8,36.9,-0.05,378.0
2024-04-19,1817,320799.0,11763606.0,36.9,37.0,36.45,36.8,-0.1,247.0
2024-04-22,1817,245887.0,9004379.0,36.7,36.9,36.5,36.5,-0.3,203.0
2024-04-23,1817,138079.0,5065972.0,36.75,36.95,36.5,36.8,0.3,141.0
2024-04-24,1817,96833.0,3581754.0,36.95,37.15,36.9,37.15,0.35,99.0
2024-04-25,1817,212114.0,7825546.0,37.1,37.2,36.8,36.8,-0.35,193.0
2024-04-26,1817,997871.0,36448440.0,36.9,37.0,36.4,36.6,-0.2,681.0
2024-04-29,1817,1638804.0,63102827.0,37.0,39.6,36.85,38.7,2.1,1091.0
2024-04-30,1817,650159.0,24745132.0,39.1,39.35,37.6,37.8,-0.9,507.0
2024-05-02,1817,1314115.0,51446668.0,38.0,39.9,38.0,39.05,1.25,892.0
2024-05-03,1817,683012.0,26828995.0,39.2,39.65,39.0,39.0,-0.05,490.0
2024-05-06,1817,313464.0,12209319.0,39.05,39.2,38.7,39.2,0.2,258.0
2024-05-07,1817,463661.0,17905793.0,39.45,39.45,38.2,38.7,-0.5,338.0
2024-05-08,1817,353577.0,13535918.0,38.7,38.7,38.1,38.15,-0.55,285.0
2024-05-09,1817,1206372.0,47728836.0,39.05,39.8,39.05,39.4,1.25,848.0
2024-05-10,1817,774104.0,30887158.0,39.6,40.4,39.5,40.05,0.65,636.0
2024-05-13,1817,368725.0,14678479.0,40.25,40.25,39.6,39.7,-0.35,306.0
2024-05-14,1817,290557.0,11542284.0,39.85,40.1,39.6,39.65,-0.05,209.0
2024-05-15,1817,341295.0,13475504.0,39.65,39.9,39.15,39.35,-0.3,289.0
2024-05-16,1817,442366.0,17361622.0,39.4,39.65,39.0,39.6,0.25,375.0
2024-05-17,1817,376215.0,14940621.0,39.6,40.0,39.35,39.55,-0.05,340.0
2024-05-20,1817,920792.0,37430500.0,39.9,41.2,39.9,40.75,1.2,733.0
2024-05-21,1817,462991.0,18604746.0,40.75,41.0,39.7,39.95,-0.8,349.0
2024-05-22,1817,252835.0,10052216.0,40.2,40.2,39.55,39.75,-0.2,210.0
2024-05-23,1817,348152.0,13709173.0,39.7,39.7,39.1,39.1,-0.65,281.0
2024-05-24,1817,146888.0,5749757.0,39.1,39.5,39.0,39.15,0.05,150.0
2024-05-27,1817,290958.0,11529007.0,39.15,40.0,39.05,39.6,0.45,255.0
2024-05-28,1817,151910.0,6008498.0,39.6,39.7,39.4,39.5,-0.1,140.0
2024-05-29,1817,513185.0,20358876.0,39.5,40.35,39.05,40.1,0.6,319.0
2024-05-30,1817,123250.0,4918920.0,39.85,40.1,39.7,39.7,-0.4,133.0
2024-05-31,1817,162535.0,6447245.0,39.7,39.9,39.45,39.45,-0.25,129.0
2024-06-03,1817,356560.0,14281287.0,39.5,40.25,39.45,40.2,0.75,236.0
2024-06-04,1817,208817.0,8403590.0,39.9,40.65,39.9,40.0,-0.2,210.0
2024-06-05,1817,294582.0,11861138.0,40.1,40.6,39.8,39.85,-0.15,299.0
2024-06-06,1817,157202.0,6287960.0,40.4,40.4,39.85,39.85,0.0,116.0
2024-06-07,1817,104820.0,4187781.0,39.9,40.15,39.9,40.0,0.15,75.0
2024-06-11,1817,144982.0,5771209.0,40.0,40.15,39.6,39.65,-0.35,122.0
2024-06-12,1817,185827.0,7320203.0,39.65,39.65,39.25,39.35,-0.3,189.0
2024-06-13,1817,180217.0,7105385.0,39.55,39.55,39.3,39.5,0.15,94.0
2024-06-14,1817,108217.0,4300387.0,39.5,40.0,39.5,39.75,0.25,107.0
2024-06-17,1817,163085.0,6482792.0,39.85,39.85,39.7,39.8,0.05,79.0
2024-06-18,1817,131831.0,5249752.0,39.85,39.95,39.7,39.75,-0.05,82.0
2024-06-19,1817,171623.0,6816980.0,39.75,39.9,39.65,39.7,-0.05,130.0
2024-06-20,1817,168954.0,6717290.0,39.7,39.9,39.65,39.85,0.15,85.0
2024-06-21,1817,149962.0,5979263.0,39.9,39.95,39.75,39.8,-0.05,76.0
2024-06-24,1817,121932.0,4879788.0,40.15,40.2,39.8,39.8,0.0,93.0
2024-06-25,1817,254270.0,10057929.0,39.75,39.75,39.25,39.6,-0.2,182.0
2024-06-26,1817,218934.0,8687871.0,39.6,39.85,39.55,39.55,-0.05,106.0
2024-06-27,1817,587129.0,23507228.0,39.55,40.45,39.55,40.0,0.45,451.0
2024-06-28,1817,271320.0,10846994.0,39.95,40.15,39.85,40.1,0.1,153.0
2024-07-01,1817,315023.0,12591284.0,40.05,40.05,39.85,39.9,-0.2,230.0
2024-07-02,1817,480960.0,19168610.0,39.9,40.0,39.75,39.75,-0.15,357.0
2024-07-03,1817,556819.0,21456290.0,38.5,38.8,38.2,38.4,0.0,353.0
2024-07-04,1817,174472.0,6747337.0,38.5,38.9,38.45,38.6,0.2,207.0
2024-07-05,1817,138167.0,5333030.0,38.6,38.8,38.5,38.65,0.05,155.0
2024-07-08,1817,186810.0,7205457.0,38.6,38.8,38.45,38.65,0.0,135.0
2024-07-09,1817,200607.0,7709313.0,38.4,38.9,38.2,38.35,-0.3,231.0
2024-07-10,1817,676947.0,26932396.0,38.6,40.25,38.6,39.75,1.4,458.0
2024-07-11,1817,133746.0,5325622.0,39.75,39.95,39.75,39.75,0.0,123.0
2024-07-12,1817,101594.0,4027235.0,39.75,39.85,39.5,39.6,-0.15,70.0
2024-07-15,1817,131400.0,5239020.0,40.05,40.05,39.7,39.85,0.25,103.0
2024-07-16,1817,297583.0,11903284.0,40.1,40.1,39.85,40.05,0.2,189.0
2024-07-17,1817,472395.0,19153440.0,40.1,41.0,40.0,40.85,0.8,388.0
2024-07-18,1817,156623.0,6371027.0,40.8,40.9,40.4,40.8,-0.05,166.0
2024-07-19,1817,170574.0,6831345.0,40.8,40.8,39.55,40.0,-0.8,187.0
2024-07-22,1817,185601.0,7294326.0,39.35,39.6,39.05,39.4,-0.6,254.0
2024-07-23,1817,37017.0,1472101.0,39.7,39.9,39.6,39.8,0.4,58.0
2024-07-26,1817,135529.0,5354432.0,39.7,39.95,38.35,39.9,0.1,224.0
2024-07-29,1817,93608.0,3739655.0,40.0,40.25,39.6,40.0,0.1,391.0
2024-07-30,1817,73413.0,2928789.0,40.0,40.1,39.6,40.05,0.05,105.0
2024-07-31,1817,155823.0,6298229.0,40.05,40.85,40.0,40.8,0.75,160.0
2024-08-01,1817,446221.0,18500699.0,41.2,41.7,40.95,41.65,0.85,418.0
2024-08-02,1817,257349.0,10660267.0,41.35,41.65,40.9,41.55,-0.1,359.0
2024-08-05,1817,463197.0,18216104.0,41.4,41.4,38.65,39.15,-2.4,658.0
2024-08-06,1817,272827.0,10730519.0,39.5,40.25,38.45,39.8,0.65,254.0
2024-08-07,1817,124540.0,5001465.0,39.8,40.3,39.65,40.2,0.4,292.0
2024-08-08,1817,70255.0,2813890.0,40.15,40.2,39.95,40.0,-0.2,135.0
2024-08-09,1817,570053.0,22618153.0,40.5,40.55,39.25,39.75,-0.25,931.0
2024-08-12,1817,527110.0,21137160.0,39.75,40.7,39.5,40.3,0.55,340.0
2024-08-13,1817,232372.0,9412116.0,40.8,40.9,40.35,40.5,0.2,332.0
2024-08-14,1817,169648.0,6892261.0,40.8,40.8,40.5,40.5,0.0,167.0
2024-08-15,1817,198297.0,8045901.0,40.5,41.0,40.0,40.4,-0.1,178.0
2024-08-16,1817,302192.0,12434981.0,40.5,41.6,40.45,41.2,0.8,282.0
2024-08-19,1817,289306.0,12105801.0,41.8,42.3,41.45,41.8,0.6,359.0
2024-08-20,1817,146334.0,6093684.0,42.15,42.15,41.4,41.45,-0.35,189.0
2024-08-21,1817,161697.0,6656801.0,41.5,41.5,41.0,41.2,-0.25,359.0
2024-08-22,1817,161903.0,6581594.0,41.6,41.6,40.25,40.6,-0.6,180.0
2024-08-23,1817,106301.0,4336256.0,40.6,41.0,40.6,40.95,0.35,86.0
2024-08-26,1817,63120.0,2595253.0,41.7,41.7,40.7,40.7,-0.25,72.0
2024-08-27,1817,58651.0,2381163.0,40.7,40.75,40.5,40.65,-0.05,52.0
2024-08-28,1817,27938.0,1134478.0,40.65,40.7,40.5,40.6,-0.05,48.0
2024-08-29,1817,64623.0,2624118.0,40.25,40.8,40.25,40.8,0.2,74.0
2024-08-30,1817,93007.0,3804503.0,40.8,41.05,40.65,40.75,-0.05,72.0
2024-09-02,1817,147908.0,6073319.0,40.75,41.45,40.75,41.15,0.4,153.0
2024-09-03,1817,204821.0,8368498.0,41.15,41.2,40.6,40.75,-0.4,244.0
2024-09-04,1817,389655.0,15642671.0,40.1,40.5,39.3,40.35,-0.4,244.0
2024-09-05,1817,178444.0,7277115.0,40.35,41.05,40.35,40.8,0.45,134.0
2024-09-06,1817,99350.0,4065539.0,41.3,41.3,40.6,41.1,0.3,100.0
2024-09-09,1817,283564.0,11676088.0,41.25,41.5,40.8,41.2,0.1,233.0
2024-09-10,1817,362651.0,15098876.0,41.7,42.3,41.2,41.3,0.1,281.0
2024-09-11,1817,422410.0,17764785.0,41.7,42.35,41.4,42.2,0.9,603.0
2024-09-12,1817,222169.0,9301055.0,42.6,42.6,41.5,41.6,-0.6,241.0
2024-09-13,1817,410814.0,17435351.0,42.95,42.95,42.0,42.25,0.65,362.0
2024-09-16,1817,505224.0,21716420.0,42.6,43.45,42.6,43.3,1.05,537.0
2024-09-18,1817,219462.0,9341587.0,43.3,43.3,42.15,42.25,-1.05,533.0
2024-09-19,1817,121453.0,5136431.0,42.35,42.5,42.05,42.4,0.15,135.0
2024-09-20,1817,280720.0,11762425.0,42.4,42.6,41.25,41.65,-0.75,297.0
2024-09-23,1817,177226.0,7353714.0,41.65,42.1,41.25,41.5,-0.15,180.0
2024-09-24,1817,317291.0,13169987.0,41.2,42.25,40.9,41.95,0.45,219.0
2024-09-25,1817,112621.0,4744371.0,42.0,42.4,41.95,42.05,0.1,121.0
2024-09-26,1817,143545.0,6070098.0,42.05,42.5,42.0,42.15,0.1,139.0
2024-09-27,1817,240338.0,10188375.0,42.15,42.6,41.95,42.55,0.4,141.0
2024-09-30,1817,75742.0,3192553.0,42.55,42.55,41.95,42.2,-0.35,239.0
2024-10-01,1817,130146.0,5490193.0,42.0,42.4,41.95,42.3,0.1,81.0
2024-10-04,1817,96730.0,4074228.0,42.3,42.3,41.95,42.0,-0.3,87.0
2024-10-07,1817,136114.0,5722718.0,42.05,42.35,41.9,41.95,-0.05,123.0
2024-10-08,1817,163242.0,6897869.0,41.95,42.5,41.95,42.2,0.25,111.0
2024-10-09,1817,260039.0,10819283.0,42.05,42.2,41.15,41.55,-0.65,415.0
2024-10-11,1817,188045.0,7791103.0,41.6,41.9,41.25,41.3,-0.25,190.0
2024-10-14,1817,198043.0,8166710.0,41.3,41.45,41.0,41.2,-0.1,136.0
2024-10-15,1817,149433.0,6222840.0,41.1,41.85,41.1,41.45,0.25,148.0
2024-10-16,1817,92016.0,3817080.0,41.45,41.65,41.25,41.5,0.05,107.0
2024-10-17,1817,61815.0,2561432.0,41.5,41.5,41.35,41.45,-0.05,96.0
2024-10-18,1817,245731.0,10103532.0,41.45,41.5,41.0,41.0,-0.45,387.0
2024-10-21,1817,167753.0,6897749.0,41.0,41.3,40.9,40.95,-0.05,125.0
2024-10-22,1817,97777.0,4004589.0,40.95,41.2,40.8,40.9,-0.05,87.0
2024-10-23,1817,102722.0,4202530.0,40.95,41.05,40.8,40.85,-0.05,87.0
2024-10-24,1817,82704.0,3379024.0,40.9,41.1,40.75,40.75,-0.1,81.0
2024-10-25,1817,108780.0,4432912.0,40.7,41.0,40.65,40.7,-0.05,88.0
2024-10-28,1817,96777.0,3951278.0,40.7,41.0,40.6,40.9,0.2,91.0
2024-10-29,1817,161671.0,6569982.0,40.6,41.0,40.45,40.55,-0.35,142.0
2024-10-30,1817,86588.0,3498113.0,40.6,40.6,40.3,40.35,-0.2,84.0
2024-11-01,1817,96774.0,3891002.0,40.05,40.55,40.05,40.3,-0.05,103.0
2024-11-04,1817,50969.0,2049932.0,40.1,40.35,40.1,40.2,-0.1,50.0
2024-11-05,1817,64251.0,2583579.0,40.05,40.35,40.05,40.25,0.05,73.0
2024-11-06,1817,61793.0,2502006.0,40.25,40.65,40.2,40.55,0.3,56.0
2024-11-07,1817,150249.0,6147968.0,41.0,41.15,40.7,41.05,0.5,143.0
2024-11-08,1817,222212.0,9278344.0,42.4,42.4,41.45,41.5,0.45,353.0
2024-11-11,1817,439685.0,18608350.0,41.9,42.85,41.85,42.3,0.8,293.0
2024-11-12,1817,238336.0,10070170.0,42.3,42.65,41.9,42.3,0.0,226.0
2024-11-13,1817,243998.0,10372260.0,42.3,42.8,42.3,42.5,0.2,327.0
2024-11-14,1817,272844.0,11571822.0,42.65,42.8,42.2,42.2,-0.3,323.0
2024-11-15,1817,501362.0,21346753.0,42.2,43.05,41.0,42.4,0.2,344.0
2024-11-18,1817,330449.0,14231658.0,42.4,43.5,42.4,43.0,0.6,263.0
2024-11-19,1817,444332.0,19159049.0,43.1,43.5,42.75,43.3,0.3,233.0
2024-11-20,1817,543002.0,23947674.0,43.95,44.4,43.35,44.35,1.05,525.0
2024-11-21,1817,297330.0,13105673.0,44.35,44.5,43.65,43.8,-0.55,403.0
2024-11-22,1817,216189.0,9468391.0,44.0,44.15,43.5,43.65,-0.15,185.0
2024-11-25,1817,192765.0,8511737.0,43.7,44.5,43.7,44.15,0.5,158.0
2024-11-26,1817,142861.0,6332932.0,44.15,44.7,43.9,44.35,0.2,166.0
2024-11-27,1817,127928.0,5615178.0,44.35,44.35,43.65,43.65,-0.7,196.0
2024-11-28,1817,187977.0,8115629.0,43.4,43.65,42.8,43.6,-0.05,138.0
2024-11-29,1817,66117.0,2852468.0,43.6,43.6,42.9,43.1,-0.5,78.0
2024-12-02,1817,163439.0,7021031.0,43.2,43.35,42.75,42.9,-0.2,304.0
2024-12-03,1817,125930.0,5410654.0,42.95,43.5,42.85,42.85,-0.05,139.0
2024-12-04,1817,145471.0,6222300.0,42.55,43.3,42.45,42.8,-0.05,168.0
2024-12-05,1817,211454.0,9106735.0,42.6,43.3,42.6,43.2,0.4,180.0
2024-12-06,1817,78526.0,3396501.0,42.9,43.45,42.9,43.3,0.1,63.0
2024-12-09,1817,476140.0,21281291.0,43.2,45.5,43.2,45.2,1.9,387.0
2024-12-10,1817,593131.0,25421078.0,42.9,43.55,41.5,43.15,-2.05,680.0
2024-12-11,1817,232997.0,9945278.0,43.15,43.15,42.45,42.6,-0.55,211.0
2024-12-12,1817,324429.0,13683234.0,42.6,42.8,41.8,41.85,-0.75,289.0
2024-12-13,1817,111820.0,4653373.0,41.95,41.95,41.35,41.6,-0.25,149.0
2024-12-16,1817,99062.0,4109995.0,41.6,41.85,41.1,41.4,-0.2,121.0
2024-12-17,1817,143095.0,5903560.0,41.3,41.4,41.15,41.25,-0.15,179.0
2024-12-18,1817,105807.0,4354163.0,41.25,41.25,41.05,41.1,-0.15,132.0
2024-12-19,1817,108397.0,4430727.0,41.0,41.1,40.75,40.85,-0.25,118.0
2024-12-20,1817,99658.0,4115270.0,41.05,41.55,41.05,41.1,0.25,93.0
2024-12-23,1817,66651.0,2761091.0,41.0,41.7,41.0,41.25,0.15,85.0
2024-12-24,1817,43075.0,1777507.0,41.15,41.4,41.15,41.2,-0.05,60.0
2024-12-25,1817,579836.0,23883117.0,41.4,41.4,41.0,41.1,-0.1,93.0
2024-12-26,1817,47170.0,1941334.0,41.1,41.25,41.1,41.1,0.0,56.0
2024-12-27,1817,57507.0,2372347.0,41.65,41.65,41.1,41.3,0.2,75.0
2024-12-30,1817,40885.0,1684691.0,41.3,41.3,41.1,41.15,-0.15,71.0
2024-12-31,1817,59953.0,2475014.0,41.2,41.4,41.1,41.2,0.05,89.0
2025-01-02,1817,90835.0,3737968.0,41.1,41.25,41.1,41.25,0.05,124.0
2025-01-03,1817,47917.0,1977869.0,41.2,41.3,41.2,41.25,0.0,68.0
2025-01-06,1817,33221.0,1377612.0,41.25,41.75,41.25,41.4,0.15,54.0
2025-01-07,1817,79008.0,3273885.0,41.3,41.7,41.3,41.35,-0.05,106.0
2025-01-08,1817,33409.0,1382087.0,41.35,41.55,41.3,41.35,0.0,44.0
2025-01-09,1817,631557.0,27345710.0,44.5,44.5,42.7,42.7,1.35,427.0
2025-01-10,1817,137353.0,5857241.0,43.2,43.25,42.25,42.55,-0.15,175.0
2025-01-13,1817,175538.0,7471212.0,42.55,43.05,42.25,42.5,-0.05,260.0
2025-01-14,1817,39373.0,1665693.0,42.5,42.65,42.15,42.2,-0.3,234.0
2025-01-15,1817,90442.0,3846645.0,42.2,42.65,42.2,42.35,0.15,86.0
2025-01-16,1817,81584.0,3488346.0,42.75,43.0,42.55,42.65,0.3,72.0
2025-01-17,1817,184649.0,7930440.0,42.65,43.3,42.45,43.25,0.6,148.0
2025-01-20,1817,82864.0,3587925.0,43.25,43.8,42.9,43.0,-0.25,328.0
2025-01-21,1817,40724.0,1746405.0,43.25,43.25,42.7,42.7,-0.3,122.0
2025-01-22,1817,70900.0,3021204.0,42.85,42.85,42.5,42.65,-0.05,190.0
2025-02-03,1817,102567.0,4367714.0,42.5,43.15,42.4,42.55,-0.1,184.0
2025-02-04,1817,61252.0,2602229.0,42.55,42.6,42.3,42.45,-0.1,48.0
2025-02-05,1817,74972.0,3194589.0,42.45,42.65,42.45,42.55,0.1,85.0
2025-02-06,1817,226568.0,9789780.0,42.7,43.7,42.5,43.6,1.05,178.0
2025-02-07,1817,93356.0,4056255.0,43.6,43.6,43.15,43.5,-0.1,145.0
2025-02-10,1817,458998.0,21963026.0,47.85,47.85,47.85,47.85,4.35,240.0
2025-02-11,1817,4533412.0,224062123.0,49.85,49.85,49.1,49.35,1.5,2165.0
2025-02-12,1817,1456682.0,71898853.0,49.35,49.7,49.2,49.3,-0.05,1000.0
2025-02-13,1817,816106.0,40235044.0,49.3,49.45,49.25,49.3,0.0,1023.0
2025-02-14,1817,693358.0,34219127.0,49.3,49.6,49.3,49.3,0.0,282.0
2025-02-17,1817,568985.0,28079249.0,49.35,49.4,49.3,49.35,0.05,473.0
2025-02-18,1817,634684.0,31325573.0,49.35,49.5,49.3,49.35,0.0,310.0
2025-02-19,1817,317635.0,15694494.0,49.35,49.5,49.35,49.45,0.1,187.0
2025-02-20,1817,453954.0,22545740.0,49.45,49.8,49.45,49.75,0.3,273.0
2025-02-21,1817,394241.0,19640803.0,49.8,50.0,49.7,49.75,0.0,541.0
2025-02-24,1817,421777.0,21061849.0,49.75,50.3,49.75,49.9,0.15,216.0
2025-02-25,1817,219280.0,10931838.0,49.95,50.1,49.75,49.9,0.0,293.0
2025-02-26,1817,195646.0,9758462.0,49.8,50.0,49.8,49.85,-0.05,119.0
2025-02-27,1817,677767.0,33798244.0,49.9,49.95,49.85,49.85,0.0,225.0
2025-03-03,1817,1172526.0,58437985.0,49.8,50.0,49.8,50.0,0.15,278.0
2025-03-04,1817,612945.0,28951663.0,49.7,49.7,46.15,46.15,-3.85,577.0
2025-03-05,1817,454898.0,21819876.0,46.9,49.1,46.65,48.8,2.65,455.0
2025-03-06,1817,1159056.0,58974682.0,50.2,52.8,49.5,49.6,0.8,1034.0
2025-03-07,1817,303474.0,14642881.0,49.35,49.35,47.75,48.25,-1.35,570.0
2025-03-10,1817,254663.0,12549139.0,47.8,50.1,47.75,49.25,1.0,227.0
2025-03-11,1817,146091.0,7099296.0,48.9,49.0,48.05,49.0,-0.25,323.0
2025-03-12,1817,156502.0,7665987.0,49.0,49.4,48.2,49.2,0.2,130.0
2025-03-13,1817,88803.0,4358681.0,49.2,49.4,48.65,48.75,-0.45,83.0
2025-03-14,1817,121119.0,5902290.0,48.75,49.1,48.5,49.0,0.25,209.0
2025-03-17,1817,150068.0,7274100.0,48.85,49.1,47.55,48.7,-0.3,145.0
2025-03-18,1817,193826.0,9391945.0,48.25,48.75,48.0,48.6,-0.1,215.0
2025-03-19,1817,64558.0,3138452.0,48.65,48.7,48.55,48.65,0.05,95.0
2025-03-20,1817,35402.0,1730997.0,48.75,49.05,48.65,49.0,0.35,82.0
2025-03-21,1817,97632.0,4816169.0,49.0,49.5,49.0,49.5,0.5,106.0
2025-03-24,1817,64406.0,3203722.0,49.4,49.8,49.4,49.75,0.25,75.0
2025-03-25,1817,281283.0,14109127.0,49.7,50.7,49.3,49.9,0.15,233.0
2025-03-26,1817,167144.0,8220740.0,49.45,49.9,48.75,48.75,-1.15,388.0
2025-03-27,1817,129145.0,6337958.0,48.9,49.5,48.9,49.5,0.75,85.0
2025-03-28,1817,198831.0,9729170.0,49.15,49.3,48.6,48.6,-0.9,123.0
2025-03-31,1817,588876.0,28244802.0,48.0,48.1,47.6,47.65,-0.95,158.0
2025-04-01,1817,73117.0,3545377.0,48.1,49.1,48.1,48.45,0.8,96.0
2025-04-02,1817,618573.0,29714703.0,47.95,48.5,47.75,47.75,-0.7,123.0
2025-04-07,1817,511241.0,22187629.0,43.0,44.9,43.0,43.3,-4.45,393.0
2025-04-08,1817,208437.0,9112834.0,43.3,44.35,43.05,43.95,0.65,244.0
2025-04-09,1817,304601.0,13070406.0,43.55,43.9,41.95,42.45,-1.5,237.0
2025-04-10,1817,266938.0,12360930.0,44.85,46.65,44.8,46.6,4.15,172.0
2025-04-11,1817,144515.0,6615025.0,47.15,47.15,44.6,46.05,-0.55,194.0
2025-04-14,1817,173632.0,7947624.0,46.1,47.1,45.0,45.25,-0.8,211.0
2025-04-15,1817,98401.0,4488401.0,45.25,46.25,45.25,45.55,0.3,87.0
2025-04-16,1817,66049.0,2982942.0,45.6,45.7,44.8,44.8,-0.75,110.0
2025-04-17,1817,32528.0,1448070.0,45.05,45.05,44.2,44.6,-0.2,50.0
2025-04-18,1817,111465.0,5078021.0,44.65,46.15,44.5,45.45,0.85,99.0
2025-04-21,1817,91713.0,4103825.0,45.45,45.45,44.4,44.65,-0.8,237.0
2025-04-22,1817,25623.0,1136247.0,44.05,44.7,44.05,44.2,-0.45,44.0
2025-04-23,1817,52973.0,2350371.0,44.9,44.9,44.2,44.2,0.0,78.0
2025-04-24,1817,24333.0,1080873.0,44.95,44.95,44.1,44.35,0.15,40.0
2025-04-25,1817,56795.0,2531060.0,44.85,44.95,44.45,44.45,0.1,107.0
2025-04-28,1817,12693.0,567403.0,44.5,44.9,44.5,44.8,0.35,25.0
2025-04-29,1817,82012.0,3705000.0,44.55,45.9,44.55,45.65,0.85,108.0
2025-04-30,1817,36076.0,1632374.0,45.65,45.65,45.05,45.25,-0.4,113.0
2025-05-02,1817,106401.0,4829547.0,45.25,45.7,45.2,45.5,0.25,83.0
2025-05-05,1817,70626.0,3206299.0,45.85,45.85,44.85,45.75,0.25,161.0
2025-05-06,1817,62346.0,2857467.0,45.4,46.5,45.25,46.1,0.35,78.0
2025-05-07,1817,180765.0,8146757.0,44.95,45.85,44.65,44.65,-1.45,418.0
2025-05-08,1817,52511.0,2372127.0,45.4,45.55,44.75,45.5,0.85,38.0
2025-05-09,1817,79381.0,3571533.0,45.05,45.6,44.75,45.4,-0.1,52.0
2025-05-12,1817,51910.0,2334169.0,45.4,45.4,44.75,45.0,-0.4,78.0
2025-05-13,1817,95691.0,4287138.0,44.8,45.2,44.6,44.85,-0.15,95.0
2025-05-14,1817,73400.0,3282276.0,44.9,45.1,44.55,45.1,0.25,151.0
2025-05-15,1817,46678.0,2082582.0,44.7,44.7,44.55,44.6,-0.5,53.0
2025-05-16,1817,144505.0,6381378.0,44.25,44.55,44.0,44.3,-0.3,168.0
2025-05-19,1817,86206.0,3796329.0,44.5,44.85,43.75,43.75,-0.55,105.0
2025-05-20,1817,78640.0,3450720.0,43.75,44.2,43.7,44.2,0.45,70.0
2025-05-21,1817,57431.0,2534720.0,43.85,44.35,43.8,44.05,-0.15,165.0
2025-05-22,1817,23035.0,1016699.0,44.05,44.25,44.05,44.1,0.05,80.0
2025-05-23,1817,24362.0,1078500.0,44.5,44.5,44.1,44.1,0.0,22.0
2025-05-26,1817,91709.0,4064239.0,44.9,44.9,44.1,44.1,0.0,91.0
2025-05-27,1817,44888.0,1991651.0,44.55,44.65,44.05,44.1,0.0,64.0
2025-05-28,1817,23062.0,1019234.0,44.2,44.6,44.0,44.0,-0.1,27.0
2025-05-29,1817,17903.0,787222.0,43.85,44.15,43.85,43.95,-0.05,43.0
2025-06-02,1817,86060.0,3727611.0,43.75,44.0,43.0,43.45,-0.5,112.0
2025-06-03,1817,32173.0,1400487.0,43.55,43.6,43.5,43.55,0.1,35.0
2025-06-04,1817,115150.0,5170051.0,44.2,45.95,44.05,44.65,1.1,84.0
2025-06-05,1817,21670.0,962394.0,44.85,44.85,44.1,44.2,-0.45,43.0
2025-06-06,1817,116402.0,5113589.0,43.75,44.75,43.3,44.05,-0.15,88.0
2025-06-09,1817,57671.0,2537651.0,44.7,44.95,43.6,43.8,-0.25,66.0
2025-06-10,1817,151891.0,6623985.0,44.45,44.45,43.3,43.6,-0.2,182.0
2025-06-11,1817,545850.0,23606908.0,43.5,44.3,41.95,43.55,-0.05,323.0
2025-06-12,1817,279399.0,12234470.0,44.3,44.4,43.2,43.5,-0.05,208.0
2025-06-13,1817,404253.0,17345988.0,43.45,43.85,42.4,42.5,-1.0,318.0
2025-06-16,1817,80865.0,3432886.0,42.3,42.8,42.2,42.5,0.0,74.0
2025-06-17,1817,130852.0,5566286.0,42.5,42.7,42.4,42.45,-0.05,83.0
2025-06-18,1817,54323.0,2301425.0,42.3,42.5,42.25,42.4,-0.05,58.0
2025-06-19,1817,272795.0,11337696.0,42.3,42.3,41.05,41.8,-0.6,263.0
2025-06-20,1817,62415.0,2611966.0,41.8,42.15,41.65,41.95,0.15,90.0
2025-06-23,1817,75893.0,3141214.0,41.95,42.0,40.95,41.95,0.0,100.0
2025-06-24,1817,66664.0,2832480.0,41.65,43.0,41.65,42.45,0.5,63.0
2025-06-25,1817,98256.0,4118424.0,42.45,42.5,41.65,41.85,-0.6,141.0
2025-06-26,1817,81913.0,3451465.0,42.45,42.45,41.9,41.9,0.05,96.0
2025-06-27,1817,163938.0,6974881.0,42.3,42.9,42.3,42.7,0.8,200.0
2025-06-30,1817,252391.0,10157925.0,41.0,41.3,39.9,40.0,0.0,264.0
2025-07-01,1817,30061.0,1212098.0,40.85,40.85,40.15,40.2,0.2,58.0
2025-07-02,1817,42425.0,1701653.0,40.1,40.45,39.95,40.2,0.0,123.0
2025-07-03,1817,83341.0,3350459.0,40.2,40.3,40.0,40.3,0.1,66.0
2025-07-04,1817,107478.0,4295323.0,40.0,40.15,39.75,39.9,-0.4,113.0
2025-07-07,1817,149693.0,5899733.0,39.7,39.7,39.3,39.4,-0.5,187.0
2025-07-08,1817,63693.0,2497752.0,39.3,39.35,39.1,39.2,-0.2,71.0
2025-07-09,1817,40424.0,1591194.0,39.2,39.6,39.2,39.4,0.2,33.0
2025-07-10,1817,39674.0,1556142.0,39.4,39.4,39.15,39.15,-0.25,50.0
2025-07-11,1817,46884.0,1838646.0,39.4,39.4,39.05,39.4,0.25,65.0
2025-07-14,1817,31365.0,1233042.0,39.6,39.6,39.15,39.25,-0.15,45.0
2025-07-15,1817,343182.0,13380318.0,39.1,39.25,38.75,38.9,-0.35,230.0
2025-07-16,1817,119935.0,4641344.0,38.7,38.95,38.55,38.7,-0.2,150.0
2025-07-17,1817,149185.0,5848651.0,38.95,39.65,38.95,39.35,0.65,63.0
2025-07-18,1817,129292.0,5047753.0,39.45,39.85,38.75,38.9,-0.45,128.0
2025-07-21,1817,37397.0,1458134.0,39.0,39.15,38.9,39.0,0.1,37.0
2025-07-22,1817,103635.0,4008176.0,38.9,38.9,38.5,38.5,-0.5,126.0
2025-07-23,1817,195691.0,7554529.0,38.5,39.15,38.35,38.55,0.05,175.0
2025-07-24,1817,69439.0,2683944.0,38.5,38.95,38.5,38.75,0.2,80.0
2025-07-25,1817,181492.0,6987296.0,38.5,38.75,38.3,38.45,-0.3,183.0
2025-07-28,1817,37415.0,1450460.0,38.5,39.0,38.5,38.8,0.35,88.0
2025-07-29,1817,127731.0,4941946.0,39.0,39.1,38.5,38.95,0.15,115.0
2025-07-30,1817,27429.0,1064636.0,38.95,39.0,38.7,38.85,-0.1,46.0
2025-07-31,1817,167098.0,6459895.0,39.0,39.8,38.3,38.45,-0.4,173.0
2025-08-01,1817,101260.0,3907974.0,38.9,39.0,38.4,38.5,0.05,64.0
2025-08-04,1817,101185.0,3899835.0,38.3,38.9,38.15,38.5,0.0,63.0
2025-08-05,1817,21132.0,814462.0,38.5,38.6,38.5,38.6,0.1,25.0
2025-08-06,1817,21831.0,843022.0,38.65,38.65,38.55,38.65,0.05,31.0
2025-08-07,1817,59522.0,2309660.0,38.65,39.8,38.55,38.55,-0.1,56.0
2025-08-08,1817,32743.0,1260325.0,38.5,38.7,38.25,38.4,-0.15,69.0
2025-08-11,1817,184569.0,6985867.0,38.4,38.4,37.4,37.7,-0.7,295.0
2025-08-12,1817,89338.0,3355544.0,37.7,37.75,37.4,37.55,-0.15,256.0
2025-08-13,1817,262331.0,10202234.0,38.4,39.5,38.2,39.05,1.5,238.0
2025-08-14,1817,89760.0,3514494.0,39.1,39.65,38.8,39.15,0.1,177.0
2025-08-15,1817,35177.0,1372899.0,39.15,39.15,38.9,38.95,-0.2,86.0
2025-08-18,1817,35852.0,1394493.0,38.9,39.05,38.75,38.95,0.0,52.0
2025-08-19,1817,34652.0,1346920.0,38.95,38.95,38.75,38.8,-0.15,40.0
2025-08-20,1817,104361.0,4041659.0,39.3,39.3,38.55,38.65,-0.15,74.0
2025-08-21,1817,27041.0,1053985.0,38.9,39.15,38.8,38.85,0.2,34.0
2025-08-22,1817,62603.0,2448151.0,38.9,39.25,38.9,39.05,0.2,63.0
2025-08-25,1817,58114.0,2293152.0,39.75,39.75,39.2,39.5,0.45,83.0
2025-08-26,1817,17428.0,687145.0,39.5,39.5,39.2,39.2,-0.3,30.0
2025-08-27,1817,41673.0,1635148.0,39.15,39.45,39.05,39.35,0.15,46.0
2025-08-28,1817,36137.0,1426789.0,39.5,39.8,39.3,39.8,0.45,39.0
2025-08-29,1817,26270.0,1040639.0,39.8,39.8,39.45,39.45,-0.35,51.0
2025-09-01,1817,47662.0,1871208.0,39.5,39.5,39.1,39.4,-0.05,59.0
2025-09-02,1817,24142.0,946276.0,39.3,39.3,39.1,39.2,-0.2,23.0
2025-09-03,1817,34696.0,1360198.0,39.35,39.35,39.05,39.25,0.05,28.0
2025-09-04,1817,96354.0,3833375.0,39.3,40.2,39.3,39.9,0.65,96.0
2025-09-05,1817,25275.0,1008744.0,40.7,40.7,39.75,39.75,-0.15,58.0
2025-09-08,1817,27576.0,1090405.0,39.2,39.65,39.2,39.6,-0.15,33.0
2025-09-09,1817,29720.0,1168607.0,39.6,39.6,39.25,39.4,-0.2,44.0
2025-09-10,1817,50454.0,1981578.0,39.4,39.6,39.15,39.15,-0.25,60.0
2025-09-11,1817,49081.0,1904240.0,39.05,39.05,38.65,38.65,-0.5,81.0
2025-09-12,1817,33707.0,1305942.0,38.65,38.9,38.6,38.8,0.15,37.0
2025-09-15,1817,16743.0,651450.0,38.7,39.05,38.7,39.0,0.2,30.0
2025-09-16,1817,17276.0,677191.0,39.3,39.3,39.1,39.2,0.2,26.0
2025-09-17,1817,24563.0,962179.0,39.3,39.3,39.0,39.0,-0.2,44.0
2025-09-18,1817,17400.0,680208.0,39.05,39.2,38.95,39.0,0.0,35.0
2025-09-19,1817,45679.0,1807092.0,40.15,40.15,39.2,39.85,0.85,67.0
2025-09-22,1817,32714.0,1296342.0,39.3,40.0,39.3,39.45,-0.4,37.0
2025-09-23,1817,13024.0,510702.0,39.35,39.35,39.1,39.1,-0.35,29.0
2025-09-24,1817,34462.0,1366393.0,39.15,39.85,39.15,39.4,0.3,46.0
2025-09-25,1817,24068.0,949237.0,39.5,39.6,39.3,39.3,-0.1,26.0
2025-09-26,1817,36302.0,1438174.0,40.1,40.1,39.3,39.4,0.1,36.0
2025-09-30,1817,15282.0,603060.0,39.4,39.85,39.35,39.4,0.0,19.0
2025-10-01,1817,65260.0,2565940.0,39.8,39.8,39.0,39.05,-0.35,63.0
2025-10-02,1817,57446.0,2246001.0,39.1,39.3,38.95,39.05,0.0,55.0
2025-10-03,1817,28290.0,1101974.0,39.05,39.35,38.85,38.9,-0.15,34.0
2025-10-07,1817,29198.0,1137123.0,38.95,39.1,38.8,38.9,0.0,33.0
2025-10-08,1817,12641.0,492743.0,39.0,39.1,38.9,39.1,0.2,19.0
2025-10-09,1817,42222.0,1641858.0,39.0,39.05,38.8,38.85,-0.25,58.0
2025-10-13,1817,19527.0,757803.0,38.85,38.9,38.7,38.8,-0.05,29.0
2025-10-14,1817,78342.0,3029864.0,38.8,39.0,38.5,38.65,-0.15,76.0
2025-10-15,1817,41210.0,1589764.0,38.65,38.7,38.5,38.5,-0.15,59.0
2025-10-16,1817,53156.0,2047659.0,38.5,38.6,38.45,38.5,0.0,59.0
2025-10-17,1817,9160.0,354336.0,39.1,39.1,38.55,38.7,0.2,11.0
2025-10-20,1817,25123.0,967049.0,38.5,38.6,38.45,38.5,-0.2,26.0
2025-10-21,1817,46423.0,1791746.0,38.65,38.7,38.5,38.55,0.05,38.0
2025-10-22,1817,26713.0,1031641.0,38.55,38.65,38.55,38.55,0.0,39.0
2025-10-23,1817,17189.0,664334.0,38.6,38.75,38.55,38.55,0.0,21.0
2025-10-27,1817,49826.0,1917370.0,38.65,38.75,38.4,38.4,-0.15,60.0
2025-10-28,1817,41654.0,1601139.0,38.95,38.95,38.3,38.35,-0.05,57.0
2025-10-29,1817,35326.0,1353184.0,38.3,38.4,38.25,38.25,-0.1,87.0
2025-10-30,1817,47462.0,1811834.0,38.25,38.25,38.1,38.15,-0.1,63.0
2025-10-31,1817,39011.0,1488323.0,38.15,38.4,38.05,38.15,0.0,46.0
2025-11-03,1817,100150.0,3873327.0,38.25,39.3,38.2,38.75,0.6,81.0
2025-11-04,1817,36691.0,1401910.0,38.8,38.8,38.1,38.3,-0.45,107.0
2025-11-05,1817,36979.0,1418816.0,38.25,38.8,38.05,38.1,-0.2,44.0
2025-11-06,1817,36362.0,1386010.0,38.1,38.3,38.05,38.3,0.2,43.0
2025-11-07,1817,15352.0,586188.0,38.25,38.25,38.15,38.15,-0.15,17.0
2025-11-10,1817,134167.0,5228676.0,38.8,39.2,38.8,39.0,0.85,93.0
2025-11-11,1817,112032.0,4402081.0,39.0,39.85,39.0,39.2,0.2,97.0
2025-11-12,1817,33651.0,1321080.0,39.3,39.3,39.2,39.25,0.05,42.0
2025-11-13,1817,38010.0,1495405.0,39.25,39.6,39.2,39.6,0.35,51.0
2025-11-14,1817,41257.0,1621710.0,39.55,39.55,39.15,39.2,-0.4,60.0
2025-11-17,1817,52176.0,2036911.0,39.2,39.2,38.65,38.75,-0.45,66.0
2025-11-18,1817,119614.0,4619671.0,38.75,39.1,38.1,38.85,0.1,94.0
2025-11-19,1817,25578.0,987070.0,38.55,38.85,38.4,38.45,-0.4,30.0
2025-11-20,1817,19407.0,746373.0,38.5,38.6,38.3,38.45,0.0,29.0
2025-11-21,1817,11374.0,435291.0,38.2,38.35,38.2,38.3,-0.15,28.0
2025-11-24,1817,32134.0,1243083.0,38.7,38.85,38.5,38.65,0.35,30.0
2025-11-25,1817,52202.0,2013421.0,38.5,38.85,38.4,38.4,-0.25,31.0
2025-11-26,1817,152163.0,5866724.0,38.5,38.8,38.4,38.45,0.05,68.0
2025-11-27,1817,39438.0,1516980.0,38.55,38.55,38.35,38.55,0.1,34.0
2025-11-28,1817,122159.0,4697083.0,38.8,38.8,38.25,38.5,-0.05,66.0
2025-12-01,1817,21360.0,818709.0,38.25,38.45,38.25,38.3,-0.2,18.0
2025-12-02,1817,99193.0,3790237.0,38.3,38.6,38.0,38.3,0.0,81.0
2025-12-03,1817,16000.0,616500.0,38.35,38.65,38.35,38.5,0.2,15.0
2025-12-04,1817,22152.0,857889.0,38.7,38.8,38.65,38.65,0.15,27.0
2025-12-05,1817,22226.0,862011.0,38.75,38.85,38.55,38.55,-0.1,36.0
2025-12-08,1817,18175.0,702816.0,38.85,38.85,38.55,38.6,0.05,21.0
2025-12-09,1817,20291.0,781666.0,38.6,38.6,38.45,38.55,-0.05,27.0
2025-12-10,1817,32324.0,1241270.0,38.45,38.45,38.35,38.4,-0.15,19.0
2025-12-11,1817,30231.0,1170512.0,38.75,38.75,38.55,38.55,0.15,19.0
2025-12-12,1817,22539.0,869065.0,38.8,38.8,38.45,38.6,0.05,25.0
2025-12-15,1817,15173.0,584304.0,38.55,38.7,38.4,38.4,-0.2,20.0
2025-12-16,1817,55200.0,2106660.0,38.35,38.45,38.05,38.3,-0.1,57.0
2025-12-17,1817,14206.0,545340.0,38.35,38.45,38.3,38.4,0.1,18.0
2025-12-18,1817,22188.0,851088.0,38.4,38.45,38.25,38.45,0.05,46.0
2025-12-19,1817,6661.0,256137.0,38.4,38.5,38.4,38.5,0.05,16.0
2025-12-22,1817,28154.0,1079160.0,38.3,38.5,38.15,38.4,-0.1,27.0
2025-12-23,1817,29200.0,1123039.0,38.5,38.75,38.3,38.3,-0.1,28.0
2025-12-24,1817,7025.0,270208.0,38.4,38.55,38.35,38.45,0.15,10.0
2025-12-26,1817,6880.0,264372.0,38.45,38.45,38.4,38.4,-0.05,30.0
2025-12-29,1817,9643.0,371354.0,38.65,38.65,38.4,38.5,0.1,16.0
2025-12-30,1817,15235.0,585225.0,38.5,38.5,38.35,38.35,-0.15,17.0
2025-12-31,1817,37000.0,1417367.0,38.35,38.5,38.2,38.3,-0.05,48.0
2026-01-02,1817,25965.0,995249.0,38.3,38.45,38.2,38.45,0.15,42.0
2026-01-05,1817,28474.0,1089193.0,38.3,38.5,38.2,38.25,-0.2,62.0
2026-01-06,1817,59509.0,2272454.0,38.25,38.3,38.05,38.2,-0.05,128.0
2026-01-07,1817,61869.0,2362547.0,38.2,38.35,38.1,38.25,0.05,171.0
2026-01-08,1817,16593.0,635839.0,38.35,38.35,38.3,38.3,0.05,20.0
2026-01-09,1817,17702.0,677451.0,38.2,38.3,38.2,38.3,0.0,33.0
2026-01-12,1817,29689.0,1136118.0,38.2,38.3,38.2,38.25,-0.05,102.0
2026-01-13,1817,35368.0,1351208.0,38.2,38.25,38.15,38.25,0.0,80.0
2026-01-14,1817,25161.0,966561.0,38.2,38.55,38.2,38.55,0.3,42.0
2026-01-15,1817,30936.0,1190245.0,38.5,38.55,38.4,38.55,0.0,44.0
2026-01-16,1817,45578.0,1756724.0,38.75,38.75,38.4,38.55,0.0,101.0
2026-01-19,1817,51726.0,1994923.0,38.55,38.7,38.5,38.5,-0.05,74.0
2026-01-20,1817,26622.0,1025700.0,38.5,38.6,38.5,38.55,0.05,53.0
2026-01-21,1817,51320.0,1977593.0,38.55,38.6,38.45,38.55,0.0,40.0
2026-01-22,1817,54581.0,2102623.0,38.6,38.65,38.4,38.5,-0.05,69.0
2026-01-23,1817,54095.0,2092009.0,38.6,38.7,38.6,38.7,0.2,38.0
2026-01-26,1817,78407.0,3043687.0,38.7,38.85,38.7,38.8,0.1,66.0
2026-01-27,1817,38655.0,1500066.0,38.8,38.95,38.6,38.95,0.15,51.0
2026-01-28,1817,18720.0,726022.0,38.95,38.95,38.65,38.75,-0.2,37.0
2026-01-29,1817,25503.0,987013.0,38.7,38.75,38.65,38.7,-0.05,30.0
2026-01-30,1817,57440.0,2213166.0,38.6,38.7,38.4,38.5,-0.2,48.0
2026-02-02,1817,18245.0,701499.0,38.5,38.5,38.4,38.4,-0.1,23.0
2026-02-03,1817,59180.0,2274180.0,38.5,38.55,38.3,38.45,0.05,46.0
2026-02-04,1817,25487.0,986685.0,38.75,38.8,38.6,38.75,0.3,29.0
2026-02-05,1817,20512.0,792231.0,38.3,38.75,38.3,38.7,-0.05,24.0
2026-02-06,1817,31273.0,1208315.0,38.6,38.7,38.45,38.55,-0.15,39.0
2026-02-09,1817,11972.0,461974.0,38.55,38.7,38.45,38.6,0.05,27.0
2026-02-10,1817,37813.0,1459006.0,38.55,38.75,38.5,38.75,0.15,34.0
2026-02-11,1817,52652.0,2043646.0,38.9,38.9,38.65,38.85,0.1,58.0
2026-02-23,1817,63945.0,2498914.0,38.9,39.2,38.85,39.1,0.25,60.0
2026-02-24,1817,48564.0,1896186.0,39.1,39.15,38.9,38.9,-0.2,63.0
2026-02-25,1817,66799.0,2594409.0,38.9,38.95,38.7,38.95,0.05,79.0
2026-02-26,1817,57530.0,2244403.0,39.0,39.1,38.8,39.0,0.05,46.0
2026-03-02,1817,56024.0,2184163.0,39.2,39.2,38.7,39.15,0.15,59.0
2026-03-03,1817,52707.0,2071214.0,39.2,40.15,39.0,39.25,0.1,55.0
2026-03-04,1817,82286.0,3186875.0,39.0,39.0,38.6,38.65,-0.6,73.0
2026-03-05,1817,44681.0,1729890.0,38.7,38.8,38.65,38.7,0.05,38.0
2026-03-06,1817,41249.0,1598001.0,38.7,39.05,38.7,38.75,0.05,29.0
2026-03-09,1817,175768.0,6727144.0,38.5,38.6,38.0,38.2,-0.55,133.0
2026-03-10,1817,59495.0,2289372.0,38.15,38.8,38.15,38.8,0.6,45.0
2026-03-11,1817,24640.0,954919.0,38.5,38.9,38.5,38.9,0.1,42.0
2026-03-12,1817,24573.0,951975.0,38.6,38.8,38.6,38.7,-0.2,45.0
2026-03-13,1817,34210.0,1322613.0,38.55,38.7,38.55,38.65,-0.05,49.0
2026-03-16,1817,20855.0,807748.0,38.8,38.85,38.65,38.7,0.05,29.0
2026-03-17,1817,63310.0,2451115.0,38.8,38.85,38.65,38.7,0.0,48.0
2026-03-18,1817,20845.0,808896.0,38.75,38.9,38.75,38.85,0.15,21.0
2026-03-19,1817,36116.0,1401358.0,38.85,38.9,38.75,38.75,-0.1,31.0
2026-03-20,1817,24118.0,935993.0,38.85,38.9,38.75,38.75,0.0,20.0
2026-03-23,1817,38014.0,1467576.0,38.65,38.65,38.6,38.65,-0.1,30.0
2026-03-24,1817,8363.0,323870.0,38.65,38.75,38.65,38.75,0.1,14.0
2026-03-25,1817,13280.0,515055.0,38.75,38.8,38.75,38.75,0.0,24.0
2026-03-26,1817,66336.0,2566127.0,38.6,38.85,38.55,38.7,-0.05,40.0
2026-03-27,1817,13999.0,541683.0,38.75,38.75,38.75,38.75,0.05,37.0
2026-03-30,1817,36695.0,1421454.0,38.65,38.9,38.65,38.8,0.05,44.0
2026-03-31,1817,33051.0,1278078.0,38.75,38.8,38.6,38.65,-0.15,22.0
2026-04-01,1817,32121.0,1242843.0,38.6,38.85,38.6,38.65,0.0,56.0
2026-04-02,1817,19708.0,765960.0,38.85,38.9,38.8,38.8,0.15,28.0
2026-04-07,1817,13451.0,522539.0,38.8,38.85,38.8,38.85,0.05,14.0
2026-04-08,1817,29261.0,1140241.0,38.85,39.05,38.85,39.05,0.2,57.0
2026-04-09,1817,10260.0,400582.0,39.05,39.1,39.0,39.0,-0.05,18.0
2026-04-10,1817,11248.0,439361.0,39.1,39.1,39.0,39.0,0.0,30.0
2026-04-13,1817,89431.0,3442316.0,38.95,38.95,38.05,38.65,-0.35,76.0
2026-04-14,1817,26157.0,1015758.0,38.8,38.9,38.75,38.75,0.1,37.0
2026-04-15,1817,87564.0,3399572.0,38.9,38.95,38.7,38.95,0.2,71.0
2026-04-16,1817,44492.0,1724542.0,38.95,38.95,38.6,38.85,-0.1,67.0
2026-04-17,1817,32520.0,1256922.0,38.7,38.85,38.6,38.7,-0.15,30.0
2026-04-20,1817,81539.0,3154249.0,38.65,38.8,38.6,38.75,0.05,64.0
2026-04-21,1817,44280.0,1713145.0,38.75,38.75,38.65,38.65,-0.1,32.0
2026-04-22,1817,16140.0,624408.0,38.65,38.8,38.65,38.7,0.05,22.0
2026-04-23,1817,38041.0,1466435.0,38.6,38.85,38.5,38.55,-0.15,24.0
2026-04-24,1817,34386.0,1328027.0,38.6,38.7,38.6,38.65,0.1,33.0
2026-04-27,1817,19217.0,742489.0,38.6,38.75,38.6,38.6,-0.05,20.0
2026-04-28,1817,16201.0,624048.0,38.3,38.6,38.3,38.55,-0.05,13.0
2026-04-29,1817,20224.0,782067.0,38.6,38.75,38.5,38.7,0.15,22.0
2026-04-30,1817,22604.0,874142.0,38.8,38.85,38.55,38.6,-0.1,87.0
2026-05-04,1817,35422.0,1367829.0,38.5,38.95,38.5,38.55,-0.05,35.0
2026-05-05,1817,79439.0,3076019.0,38.6,39.0,38.5,38.5,-0.05,59.0
2026-05-06,1817,65881.0,2532640.0,38.9,38.9,38.3,38.6,0.1,71.0
2026-05-07,1817,28655.0,1103298.0,38.4,38.6,38.4,38.6,0.0,14.0
2026-05-08,1817,73197.0,2821584.0,38.6,38.6,38.5,38.5,-0.1,47.0
2026-05-11,1817,105704.0,4086442.0,38.5,38.8,38.5,38.7,0.2,34.0
2026-05-12,1817,49037.0,1891491.0,38.5,38.65,38.5,38.65,-0.05,48.0
2026-05-13,1817,302771.0,12064304.0,39.0,40.6,39.0,40.2,1.55,303.0
2026-05-14,1817,69119.0,2746366.0,40.25,40.3,39.4,39.4,-0.8,220.0
2026-05-15,1817,111814.0,4475390.0,40.1,40.2,39.65,39.65,0.25,71.0
2026-05-18,1817,43387.0,1720582.0,39.65,39.75,39.5,39.55,-0.1,38.0
2026-05-19,1817,389422.0,16065798.0,39.9,42.7,39.9,40.0,0.45,364.0
2026-05-20,1817,90227.0,3573777.0,40.05,40.05,39.5,39.5,-0.5,67.0
2026-05-21,1817,18294.0,726790.0,39.5,39.9,39.45,39.8,0.3,26.0
2026-05-22,1817,100295.0,3952470.0,40.6,40.6,39.25,39.35,-0.45,169.0
2026-05-25,1817,54672.0,2151781.0,39.45,39.5,39.3,39.3,-0.05,44.0
2026-05-26,1817,46373.0,1823380.0,39.35,39.5,39.15,39.2,-0.1,144.0
2026-05-27,1817,32947.0,1289971.0,39.1,39.35,39.05,39.2,0.0,52.0
2026-05-28,1817,28823.0,1127289.0,39.1,39.4,39.05,39.05,-0.15,39.0
2026-05-29,1817,38581.0,1510845.0,39.0,39.3,39.0,39.25,0.2,44.0
2026-06-01,1817,57186.0,2258970.0,39.25,39.95,39.25,39.55,0.3,47.0
2026-06-02,1817,23397.0,923287.0,39.5,39.55,39.4,39.45,-0.1,47.0
2026-06-03,1817,27448.0,1087035.0,39.5,39.65,39.45,39.6,0.15,42.0
2026-06-04,1817,22534.0,894755.0,39.6,39.85,39.6,39.7,0.1,47.0
2026-06-05,1817,13468.0,533147.0,39.5,39.85,39.5,39.6,-0.1,19.0
2026-06-08,1817,52886.0,2073214.0,39.4,39.4,38.9,39.15,-0.45,65.0
2026-06-09,1817,40883.0,1617265.0,39.2,39.7,39.2,39.5,0.35,42.0
2026-06-10,1817,69349.0,2725304.0,39.5,39.5,39.1,39.2,-0.3,86.0
2026-06-11,1817,30695.0,1209136.0,39.4,39.5,39.3,39.4,0.2,38.0
2026-06-12,1817,38492.0,1517957.0,39.6,39.85,39.35,39.6,0.2,49.0
2026-06-15,1817,81302.0,3250057.0,40.0,40.35,39.8,39.95,0.35,85.0
2026-06-16,1817,128889.0,5206383.0,40.0,41.2,40.0,40.35,0.4,124.0
2026-06-17,1817,41332.0,1675328.0,40.35,40.8,40.35,40.45,0.1,65.0
2026-06-18,1817,87605.0,3563635.0,40.45,40.95,40.45,40.6,0.15,87.0
2026-06-22,1817,44641.0,1805576.0,40.8,40.8,40.3,40.45,-0.15,61.0
2026-06-23,1817,41034.0,1658202.0,40.45,40.7,40.35,40.45,0.0,43.0
2026-06-24,1817,34785.0,1406822.0,40.5,40.5,40.35,40.35,-0.1,42.0
2026-06-25,1817,29613.0,1194699.0,40.3,40.4,40.3,40.3,-0.05,43.0
2026-06-26,1817,92050.0,3683920.0,40.3,40.3,39.8,39.8,-0.5,89.0
2026-06-29,1817,213878.0,8627534.0,40.0,40.8,40.0,40.15,0.35,189.0
2026-06-30,1817,130587.0,5029501.0,38.2,38.85,38.2,38.5,0.0,130.0
2026-07-01,1817,44844.0,1722807.0,38.35,38.5,38.3,38.5,0.0,117.0
2026-07-02,1817,30023.0,1158716.0,38.5,38.75,38.5,38.6,0.1,33.0
2026-07-03,1817,55824.0,2158200.0,38.5,38.95,38.4,38.9,0.3,54.0
2026-07-06,1817,97206.0,3766086.0,38.8,38.95,38.65,38.8,-0.1,57.0
2026-07-07,1817,47134.0,1820677.0,38.8,38.8,38.5,38.8,0.0,52.0
2026-07-08,1817,8990.0,348059.0,38.75,38.75,38.65,38.7,-0.1,19.0
2026-07-09,1817,19436.0,749940.0,38.6,38.75,38.5,38.75,0.05,20.0
2026-07-13,1817,39721.0,1534126.0,38.75,38.75,38.55,38.55,-0.2,71.0
2026-07-14,1817,100271.0,3855780.0,38.85,38.85,38.3,38.5,-0.05,82.0
2026-07-15,1817,65332.0,2510132.0,38.4,38.5,38.35,38.45,-0.05,56.0
2026-07-16,1817,38239.0,1478961.0,38.85,38.85,38.45,38.6,0.15,25.0
2026-07-17,1817,28150.0,1082038.0,38.35,38.6,38.3,38.6,0.0,40.0
2026-07-20,1817,33593.0,1292382.0,38.6,38.6,38.2,38.55,-0.05,45.0
2026-07-21,1817,29100.0,1124555.0,38.55,38.7,38.55,38.7,0.15,23.0
2026-07-22,1817,89113.0,3456823.0,38.5,39.0,38.5,38.7,0.0,37.0
2026-07-23,1817,73335.0,2815061.0,38.55,38.55,38.3,38.4,-0.3,62.0
2026-07-24,1817,53687.0,2062695.0,38.5,38.5,38.3,38.45,0.05,53.0
2026-07-27,1817,45223.0,1740634.0,38.45,38.65,38.4,38.65,0.2,46.0
2026-07-28,1817,94615.0,3652008.0,38.55,38.8,38.4,38.7,0.05,81.0
2026-07-29,1817,76250.0,2932701.0,38.85,38.85,38.25,38.7,0.0,82.0
2026-07-30,1817,18359.0,704499.0,38.5,38.55,38.35,38.55,-0.15,44.0
2026-07-31,1817,35237.0,1357258.0,38.8,38.8,38.35,38.65,0.1,23.0
2026-08-03,1817,23159.0,887633.0,38.5,38.5,38.25,38.5,-0.15,28.0
2026-08-04,1817,43610.0,1669830.0,38.25,38.45,38.25,38.4,-0.1,56.0
2026-08-05,1817,44278.0,1695035.0,38.2,38.4,38.2,38.25,-0.15,39.0
2026-08-06,1817,20108.0,769247.0,38.25,38.3,38.25,38.25,0.0,18.0
2026-08-07,1817,20403.0,781992.0,38.6,38.6,38.25,38.3,0.05,27.0
2026-08-10,1817,30483.0,1167290.0,38.3,38.4,38.2,38.4,0.1,45.0
2026-08-11,1817,24382.0,938178.0,38.45,38.6,38.4,38.55,0.15,30.0
2026-08-12,1817,330725.0,13138337.0,40.0,40.3,39.3,39.5,0.95,258.0
2026-08-13,1817,85904.0,3408894.0,39.95,39.95,39.35,39.45,-0.05,101.0
2026-08-14,1817,94547.0,3724959.0,39.45,39.5,39.3,39.35,-0.1,92.0
2026-08-17,1817,158680.0,6337571.0,39.45,40.35,39.45,40.0,0.65,135.0
2026-08-18,1817,46739.0,1871405.0,40.45,40.45,39.8,39.85,-0.15,130.0
2026-08-19,1817,49249.0,1961304.0,39.8,40.0,39.55,40.0,0.15,63.0
2026-08-20,1817,63252.0,2526895.0,40.0,40.2,39.85,40.05,0.05,47.0
2026-08-21,1817,63026.0,2523760.0,40.3,40.3,39.9,40.05,0.0,61.0
2026-08-24,1817,16788.0,671041.0,40.05,40.05,39.9,40.0,-0.05,33.0
2026-08-25,1817,32678.0,1307377.0,40.0,40.1,39.95,40.0,0.0,34.0
2026-08-26,1817,37986.0,1526967.0,39.95,40.3,39.95,40.25,0.25,40.0
2026-08-27,1817,95429.0,3860807.0,40.2,40.65,40.2,40.35,0.1,72.0
2026-08-28,1817,37545.0,1514844.0,40.45,40.55,40.2,40.45,0.1,46.0
2026-08-31,1817,46522.0,1871453.0,40.45,40.45,40.05,40.1,-0.35,55.0
2026-09-01,1817,37368.0,1506020.0,40.1,40.45,40.1,40.3,0.2,36.0
2026-09-02,1817,27099.0,1088428.0,40.15,40.3,40.05,40.2,-0.1,42.0
2026-09-03,1817,60135.0,2409057.0,40.1,40.2,40.0,40.05,-0.15,57.0
2026-09-04,1817,18713.0,750585.0,40.15,40.15,40.05,40.05,0.0,47.0
2026-09-07,1817,97378.0,3896223.0,40.1,40.2,39.9,40.1,0.05,215.0
2026-09-08,1817,38077.0,1522100.0,40.2,40.2,39.9,40.0,-0.1,74.0
2026-09-09,1817,21247.0,849657.0,40.05,40.05,39.9,39.9,-0.1,36.0
2026-09-10,1817,89012.0,3593579.0,40.1,40.5,40.1,40.5,0.6,88.0
2026-09-11,1817,14361.0,579209.0,40.5,40.5,40.25,40.45,-0.05,30.0
2026-09-14,1817,25240.0,1017327.0,40.25,40.45,40.15,40.3,-0.15,46.0
2026-09-15,1817,9362.0,376386.0,40.25,40.25,40.2,40.2,-0.1,18.0
2026-09-16,1817,38117.0,1531787.0,40.2,40.2,40.1,40.2,0.0,14.0
2026-09-17,1817,14416.0,578960.0,40.1,40.25,40.1,40.25,0.05,23.0
2026-09-18,1817,45500.0,1836749.0,40.25,40.45,40.25,40.45,0.2,56.0
2026-09-21,1817,45322.0,1833651.0,40.5,40.5,40.35,40.5,0.05,45.0
2026-09-22,1817,45938.0,1854900.0,40.55,40.55,40.25,40.3,-0.2,113.0
2026-09-23,1817,16036.0,645799.0,40.3,40.3,40.2,40.3,0.0,19.0
2026-09-24,1817,18513.0,744384.0,40.3,40.3,40.15,40.15,-0.15,39.0
2026-09-29,1817,48076.0,1920693.0,40.1,40.1,39.85,39.85,-0.3,38.0
2026-09-30,1817,30163.0,1202745.0,39.85,40.1,39.8,39.85,0.0,30.0
2026-10-01,1817,16995.0,680389.0,40.15,40.15,40.0,40.0,0.15,36.0
2026-10-02,1817,11057.0,440229.0,40.0,40.0,39.75,39.85,-0.15,19.0
2026-10-05,1817,15504.0,617168.0,39.85,39.85,39.75,39.75,-0.1,36.0
2026-10-06,1817,23312.0,927306.0,39.75,39.95,39.7,39.8,0.05,26.0
2026-10-07,1817,51908.0,2054035.0,39.6,39.7,39.5,39.7,-0.1,48.0
2026-10-08,1817,24242.0,960659.0,39.7,39.95,39.55,39.7,0.0,34.0
